docente,titulo,pais,revista,año,mes,paginas,editorial,DOI,ISSN,URL,volumen,numero,autores,h_index_revista
ARIAS LONDONO JULIAN DAVID,A VOICE AND SPEECH CORPUS OF PATIENTS WHO UNDERWENT UPPER AIRWAY SURGERY IN PRE- AND POST-OPERATIVE STATES,,Scientific Data,2024,,,,10.1038/s41597-024-03540-5,,https://doi.org/10.1038/s41597-024-03540-5,,,Estefanía Hernández-García; Alejandro Guerrero-López; Julián D. Arias-Londoño; Juan I. Godino-Llorente,120
ARIAS LONDONO JULIAN DAVID,ADVANCES IN PARKINSON'S DISEASE DETECTION AND ASSESSMENT USING VOICE AND SPEECH: A REVIEW OF THE ARTICULATORY AND PHONATORY ASPECTS,,Biomedical Signal Processing and Control,2021,,1 - 17,Elsevier Bv,10.1016/j.bspc.2021.102418,1746-8094,,66,,"Moro-Velazquez, L. and Gomez-Garcia, J.A. and Arias-Londoño, J.D. and Dehak, N. and Godino-Llorente, J.I.",108
ARIAS LONDONO JULIAN DAVID,ANALYSIS OF THE CLEVER HANS EFFECT IN COVID-19 DETECTION USING CHEST X-RAY IMAGES AND BAYESIAN DEEP LEARNING,,Biomedical Signal Processing and Control,2024,,1 - 18,Elsevier Bv,10.1016/j.bspc.2023.105831,1746-8108,https://doi.org/10.1016/j.bspc.2023.105831,,,Julián D. Arias-Londoño; Juan I. Godino-Llorente,108
ARIAS LONDONO JULIAN DAVID,ARTIFICIAL INTELLIGENCE APPLIED TO CHEST X-RAY IMAGES FOR THE AUTOMATIC DETECTION OF COVID-19. A THOUGHTFUL EVALUATION APPROACH,,IEEE Access,2020,,226811--226827,Institute of Electrical and Electronics Engineers (IEEE),10.1109/access.2020.3044858,2169-3536,https://doi.org/10.1109%2Faccess.2020.3044858,8,,Julian D. Arias-Londono and Jorge A. Gomez-Garcia and Laureano Moro-Velazquez and Juan I. Godino-Llorente,242
ARIAS LONDONO JULIAN DAVID,AUTOMATIC IDENTIFICATION OF LUNG OPACITIES DUE TO COVID-19 FROM CHEST X-RAY IMAGES-FOCUSSING ATTENTION ON THE LUNGS,Suiza,Diagnostics,2023,,1381 - 22,Multidisciplinary Digital Publishing Institute (MDPI),10.3390/diagnostics13081381,2075-4418,https://doi.org/10.3390/diagnostics13081381,,,Julián D. Arias-Londoño; Álvaro Moure-Prado; Juan I. Godino-Llorente,65
ARIAS LONDONO JULIAN DAVID,BACE1 AND SCD1 ARE ASSOCIATED WITH NEURODEGENERATION,Suiza,FRONTIERS IN AGING NEUROSCIENCE,2023,,1194203 - 23,Frontiers Media S.A.,10.3389/fnagi.2023.1194203,1663-4365,,,,,120
ARIAS LONDONO JULIAN DAVID,BASELINE WANDER REMOVAL APPLIED TO SMOOTH PURSUIT EYE MOVEMENTS FROM PARKINSONIAN PATIENTS,,,2023,,32119 - 32133,Ieee Inst Electrical Electronics Engineers Inc,10.1109/ACCESS.2023.3263045,2169-3536,,,,,
ARIAS LONDONO JULIAN DAVID,COMMON DISBALANCE IN THE BRAIN PARENCHYMA OF DEMENTIAS: PHOSPHOLIPID PROFILE ANALYSIS BETWEEN CADASIL AND SPORADIC ALZHEIMER'S DISEASE,,Biochimica et Biophysica Acta - Molecular Basis of Disease,2020,,165797 - 165797,Elsevier,10.1016/j.bbadis.2020.165797,0925-4439,,1866,8,"Sabogal-Guáqueta, A.M. and Arias-Londoño, J.D. and Gutierrez-Vargas, J. and Sepulveda-Falla, D. and Glatzel, M. and Villegas-Lanau, A. and Cardona-Gómez, G.P.",182
ARIAS LONDONO JULIAN DAVID,DIFFERENTIAL PROFILE OF SYSTEMIC EXTRACELLULAR VESICLES FROM SPORADIC AND FAMILIAL ALZHEIMER'S DISEASE LEADS TO NEUROGLIAL AND ENDOTHELIAL CELL DEGENERATION,Suiza,Frontiers in Aging Neuroscience,2020,,1 - 22,Frontiers Media S.A.,10.3389/fnagi.2020.587989,1663-4365,,12,,"Villar-Vesga, J. and Henao-Restrepo, J. and Voshart, D.C. and Aguillon, D. and Villegas, A. and Castaño, D. and Arias-Londoño, J.D. and Zuhorn, I.S. and Ribovski, L. and Barazzuol, L. and Cardona-Gómez, G.P. and Posada-Duque, R.",120
ARIAS LONDONO JULIAN DAVID,EDITORIAL,Colombia,REVISTA FACULTAD DE INGENIERIA UNIVERSIDAD DE ANTIOQUIA,2021,,7 - 8,Universidad De Antioquia,10.17533/udea.redin.20200906,0120-6230,,,,,17
ARIAS LONDONO JULIAN DAVID,ESTIMATION OF THE CYCLOPEAN EYE FROM BINOCULAR SMOOTH PURSUIT TESTS,,IEEE Transactions on Cognitive and Developmental Systems,2024,,1 - 14,Ieee Inst Electrical Electronics Engineers Inc,10.1109/TCDS.2024.3410110,2379-8939,https://doi.org/10.1109/TCDS.2024.3410110,,,Elisa Luque-Buzo; Mehdi Bejani; Julián D. Arias-Londoño; Jorge A. Gómez-García; Francisco Grandas-Pérez; Juan I. Godino-Llorente,55
ARIAS LONDONO JULIAN DAVID,FEED FORMULATION USING MULTI-OBJECTIVE BAYESIAN OPTIMIZATION.,,,2024,,109173 - 13,ELSEVIER SCI LTD,10.1016/j.compag.2024.109173,1872-7107,,,,,
ARIAS LONDONO JULIAN DAVID,MULTIMODAL AND MULTI-OUTPUT DEEP LEARNING ARCHITECTURES FOR THE AUTOMATIC ASSESSMENT OF VOICE QUALITY USING THE GRB SCALE,,IEEE Journal of Selected Topics in Signal Processing,2020,feb,413--422,Institute of Electrical and Electronics Engineers (IEEE),10.1109/jstsp.2019.2956410,1941-0484,https://doi.org/10.1109%2Fjstsp.2019.2956410,14,2,Julian D. Arias-Londono and Jorge A. Gomez-Garcia and Juan I. Godino-Llorente,141
ARIAS LONDONO JULIAN DAVID,NEW COMPUTER AIDED DEVICE FOR REAL TIME ANALYSIS OF SPEECH OF PEOPLE WITH PARKINSON’S DISEASE,,Revista Facultad de Ingeniería Universidad de Antioquia,2022,,,,10.17533/udea.redin.327870,,https://doi.org/10.17533/udea.redin.327870,,,Juan Camilo Vásquez Correa; Juan Rafael Orozco Arroyave; Julián David Arias-Londoño; Jesús Francisco Vargas Bonilla; Elmar Nöth,17
ARIAS LONDONO JULIAN DAVID,ON THE DESIGN OF AUTOMATIC VOICE CONDITION ANALYSIS SYSTEMS. PART III: REVIEW OF ACOUSTIC MODELLING STRATEGIES,,Biomedical Signal Processing and Control,2021,,1 - 21,Elsevier Bv,10.1016/j.bspc.2020.102049,1746-8094,,66,,"Gómez-García, J.A. and Moro-Velázquez, L. and Arias-Londoño, J.D. and Godino-Llorente, J.I.",108
ARIAS LONDONO JULIAN DAVID,SENTIMENT ANALYSIS OF NEWS ARTICLES IN SPANISH USING PREDICATE FEATURES,,Lenguaje,2019,jul,235--267,Universidad del Valle,10.25100/lenguaje.v47i2.7937,,https://doi.org/10.25100%2Flenguaje.v47i2.7937,47,2,Antonio Tamayo and Julián Arias Londoño and Diego Burgos and Gabriel Quiroz,
ARIAS LONDONO JULIAN DAVID,TOWARDS A CORPUS (AND LANGUAGE)-INDEPENDENT SCREENING OF PARKINSON’S DISEASE FROM VOICE AND SPEECH THROUGH DOMAIN ADAPTATION,,Bioengineering,2023,,,,10.3390/bioengineering10111316,,https://doi.org/10.3390/bioengineering10111316,,,Emiro J. Ibarra; Julián D. Arias-Londoño; Matías Zañartu; Juan I. Godino-Llorente,58
BOTIA VALDERRAMA DIEGO JOSE LUIS,TWO CLUSTER VALIDITY INDICES FOR THE LAMDA CLUSTERING METHOD,,Applied Soft Computing Journal,2020,,1 - 22,Elsevier,10.1016/j.asoc.2020.106102,1568-4946,,89,,"Valderrama, J.F.B. and Valderrama, D.J.L.B.",190
BOTIA VALDERRAMA DIEGO JOSE LUIS,TWO CLUSTER VALIDITY INDICES FOR THE LAMDA CLUSTERING METHOD,,Applied Soft Computing Journal,2020,,102 - 106,Elsevier,10.1016/j.asoc.2020.106102,1568-4946,,89,,"Valderrama, J.F.B. and Valderrama, D.J.L.B.",190
BOTIA VALDERRAMA JAVIER FERNANDO,TWO CLUSTER VALIDITY INDICES FOR THE LAMDA CLUSTERING METHOD,,Applied Soft Computing,2020,,1 - 25,Elsevier,10.1016/j.asoc.2020.106102,1568-4946,http://dx.doi.org/10.1016/j.asoc.2020.106102,,,,190
DUITAMA MUNOZ JOHN FREDDY,A MACHINE LEARNING-BASED MODEL FOR 1-YEAR MORTALITY PREDICTION IN PATIENTS ADMITTED TO AN INTENSIVE CARE UNIT WITH A DIAGNOSIS OF SEPSIS,,Medicina Intensiva,2020,apr,160--170,Elsevier BV,10.1016/j.medin.2018.07.016,,https://doi.org/10.1016%2Fj.medin.2018.07.016,44,3,J.E. García-Gallo and N.J. Fonseca-Ruiz and L.A. Celi and J.F. Duitama-Muñoz,37
DUITAMA MUNOZ JOHN FREDDY,DEVELOPMENT OF A MODEL THAT USES DATA OBTAINED IN THE ADMISSION TO PREDICT ONE-YEAR MORTALITY IN PATIENTS WITH SEPSIS IN THE INTENSIVE CARE UNIT,Canadá,International Journal of Pharma Medicine and Biological Sciences,2019,,12 - 16,International Journal of Pharma Medicine and Biological Sciences,10.18178/ijpmbs,2278-5221,,,,,2
MAESTRE GONGORA GINA PAOLA,A BIBLIOMETRIC ANALYSIS AND BENCHMARK OF MACHINE LEARNING AND AUTOML IN CRASH SEVERITY PREDICTION: THE CASE STUDY OF THREE COLOMBIAN CITIES,Suiza,Sensors,2021,,1 - 22,Multidisciplinary Digital Publishing Institute (MDPI),10.3390/s21248401,1424-8220,https://doi.org/10.3390/s21248401,,,Juan S. Angarita-Zapata; Gina Maestre-Gongora; Jenny Fajardo Calderín,245
MAESTRE GONGORA GINA PAOLA,A DATA-DRIVEN ARCHITECTURE FOR SMART RENEWABLE ENERGY MICROGRIDS IN NON-INTERCONNECTED ZONES: A COLOMBIAN CASE STUDY,Suiza,Energies,2023,,1 - 15,Multidisciplinary Digital Publishing Institute (MDPI),10.3390/en16237900,1996-1073,https://doi.org/10.3390/en16237900,,,Ramón Fernando Colmenares-Quintero; Gina Maestre-Gongora; Oscar Camilo Valderrama-Riveros; Marieth Baquero-Almazo; Kim E. Stansfield,152
MAESTRE GONGORA GINA PAOLA,A SYSTEMATIC MAPPING STUDY OF MICRO-GRID ARCHITECTURES,Colombia,Scientia et Technica,2019,sep,366--376,Universidad Tecnologica de Pereira - UTP,10.22517/23447214.21421,2344-7214,https://doi.org/10.22517%2F23447214.21421,24,3,Julián Andrés Mera Paz and Ramón Fernando Colmenares Quintero and Gina Paola Maestre Gongora,
MAESTRE GONGORA GINA PAOLA,ANALYSIS OF THE ENERGY SERVICE IN NON-INTERCONNECTED ZONES OF COLOMBIA USING BUSINESS INTELLIGENCE,,Cogent Engineering,2021,jan,1907970,Informa UK Limited,10.1080/23311916.2021.1907970,2331-1916,https://doi.org/10.1080%2F23311916.2021.1907970,8,1,Ramón Fernando Colmenares-Quintero and Gina Paola Maestre-Gongora and Lina Judith Pacheco-Moreno and Natalia Rojas and Kim E. Stansfield and Juan Carlos Colmenares-Quintero,42
MAESTRE GONGORA GINA PAOLA,ANÁLISIS DE DATOS SOBRE LOS HURTOS EN LA CIUDAD DE MEDELLÍN DESDE UN ENFOQUE DESCRIPTIVO,Colombia,"Revista De Investigación, Desarrollo E Innovación",2023,,173 - 184,Universidad Pedagógica y Tecnológica de Colombia,10.19053/20278306.v13.n1.2023.16059,2027-8306,,,,,
MAESTRE GONGORA GINA PAOLA,CARACTERIZACIÓN DE LA SITUACIÓN ACTUAL DE LAS TECNOLOGÍAS INTELIGENTES PARA UNA UNIVERSIDAD INTELIGENTE EN COLOMBIA/LATINOAMÉRICA,Portugal,RISTI REVISTA IBERICA DE SISTEMAS E TECNOLOGIAS DE INFORMACAO,2020,,484 - 501,Associacao Iberica de Sistemas e Tecnologias de Informacao (AISTI),,1646-9895,,,,,18
MAESTRE GONGORA GINA PAOLA,CONCEPTUAL MODEL OF INFORMATION TECHNOLOGY MANAGEMENT FOR SMART CITIES: SMARTICITY,,Journal of Global Information Management,2019,,159-175,IGI Publishing,10.4018/JGIM.2019040109,1533-7995,,27,2,"Maestre-Gongora, G.P. and Bernal, W.N.",46
MAESTRE GONGORA GINA PAOLA,DATA ANALYSIS OF ELECTRICITY SERVICE IN COLOMBIA¿S NON-INTERCONNECTED ZONES THROUGH DIFFERENT CLUSTERING TECHNIQUES,Suiza,ENERGIES,2022,,1 - 16,Multidisciplinary Digital Publishing Institute (MDPI),10.3390/en15207644,1996-1073,,,,,152
MAESTRE GONGORA GINA PAOLA,DATASET ABOUT INFORMATION TECHNOLOGY GOVERNANCE: A SURVEY IN COLOMBIAN ENTERPRISES,,Data in Brief,2023,,-,Elsevier Bv,10.1016/j.dib.2023.109480,2352-3409,https://doi.org/10.1016/j.dib.2023.109480,,,Gina Maestre-Góngora; Diana Aponte,52
MAESTRE GONGORA GINA PAOLA,EXPLORING OPEN GOVERNMENT DATA AND BIG DATA FROM A QUALITY PERSPECTIVE,Colombia,Revista Colombiana de Computación,2023,,1 - 17,Universidad Autonoma De Bucaramanga,10.29375/25392115.4389,2539-2115,https://doi.org/10.29375/25392115.4389,,,Gina Maestre-Gongora; Adriana Rangel-Carrillo; Mariutsi Osorio-Sanabria,4
MAESTRE GONGORA GINA PAOLA,INFORMATION TECHNOLOGY GOVERNANCE IN COLOMBIAN SMALL AND MEDIUM COMPANIES: AN EXPLORATORY STUDY USING DATA ANALYSIS,Colombia,"AiBi Revista de Investigación, Administración e Ingeniería",2023,,66 - 74,Universidad De Santander,10.15649/2346030X.3083,2346-030X,https://doi.org/10.15649/2346030X.3083,,,Yeni Trujillo-Lambert; Mariutsi Osorio Sanabria; Gina Maestre-Gongora; Hernan Astudillo,5
MAESTRE GONGORA GINA PAOLA,MAPPING CONCEPT AND CHALLENGES FOR SMART TECHNOLOGIES: A SYSTEMATIC STUDY APPROACH,Portugal,RISTI - Revista Iberica de Sistemas e Tecnologias de Informacao,2020,,28-40,Associacao Iberica de Sistemas e Tecnologias de Informacao (AISTI),,1646-9895,,2020,E32,"Maestre-Gongora, G. and Colmenares-Quintero, R.F. and Stansfield, K.",18
MAESTRE GONGORA GINA PAOLA,PLAN ESTRATÉGICO BASADO EN ITIL PARA MIPYMES EN EL DEPARTAMENTO DE ARAUCA-COLOMBIA,Colombia,Lámpsakos,2019,nov,68,Universidad Catolica Luis Amigo,10.21501/21454086.3280,2145-4086,https://doi.org/10.21501%2F21454086.3280,,22,Carlos Eduardo Puentes Figueroa and Gina Paola Maestre-Góngora,
MAESTRE GONGORA GINA PAOLA,"PRINCIPIOS, LINEAMIENTOS, DIMENSIONES Y ATRIBUTOS PARA LA EVALUACIÓN DE CALIDAD DE DATOS ABIERTOS DE GOBIERNO",Colombia,"Aibi revista de investigación, administración e ingeniería",2021,,54 - 65,Universidad De Santander,10.15649/2346030X.950,2346-030X,https://doi.org/10.15649/2346030X.950,,,Adriana Milena Rangel-Carrillo; Gina Paola Maestre-Góngora; Mariutsi-Alexandra Osorio-Sanabria,5
MAESTRE GONGORA GINA PAOLA,SMART UNIVERSITY: A VISION OF TECHNOLOGY ADOPTION,Colombia,Revista Colombiana de Computación,2021,,44 - 55,Universidad Autonoma De Bucaramanga,10.29375/25392115.4153,2539-2115,https://doi.org/10.29375/25392115.4153,,,Dewar Rico-Bautista; César D. Guerrero; César A. Collazos; Gina Maestre-Góngora; Julio A. Hurtado-Alegría; Yurley Medina-Cárdenas; Jose Swaminathan,4
MAESTRE GONGORA GINA PAOLA,"SMART UNIVERSITY: CHARACTERIZATION OF THE CURRENT SITUATION OF INTELLIGENT TECHNOLOGIES, BASED ON TWO CASE STUDIES,CARACTERIZACIÓN DE LA SITUACIÓN ACTUAL DE LAS TECNOLOGÍAS INTELIGENTES PARA UNA UNIVERSIDAD INTELIGENTE EN COLOMBIA/LATINOAMÉRICA",,RISTI - Revista Iberica de Sistemas e Tecnologias de Informacao,2020,,484-501,,,,,2020,E27,"Rico-Bautista, D. and Maestre-Góngora, G.P. and Guerrero, C.D.",18
MAESTRE GONGORA GINA PAOLA,"SMART UNIVERSITY: STRATEGIC MAP SINCE THE ADOPTION OF TECHNOLOGY,UNIVERSIDAD INTELIGENTE: MAPA ESTRATÉGICO DESDE LA ADOPCIÓN DE TECNOLOGÍA",,RISTI - Revista Iberica de Sistemas e Tecnologias de Informacao,2020,,711-724,,,,,2020,E28,"Rico-Bautista, D. and Medina-Cárdenas, Y. and Coronel-Rojas, L.A. and Cuesta-Quintero, F. and Barrientos-Avendaño, E. and León, R.A.G. and Maestre-Góngora, G.P.",18
MAESTRE GONGORA GINA PAOLA,THE VALUE OF OPEN DATA GOVERNMENT: A QUALITY ASSESSMENT APPROACH,Colombia,"Revista de Investigación, Desarrollo e Innovación",2021,aug,507--518,Universidad Pedagogica y Tecnologica de Colombia,10.19053/20278306.v11.n3.2021.13348,2027-8306,https://doi.org/10.19053%2F20278306.v11.n3.2021.13348,11,3,Gina Maestre-Gongora and Adriana Rangel-Carrillo and Mariutsi Osorio-Sanabria,
MAESTRE GONGORA GINA PAOLA,UNIVERSIDAD INTELIGENTE: FACTORES CLAVES PARA LA ADOPCIÓN DE INTERNET DE LAS COSAS Y BIG DATA,Portugal,RISTI REVISTA IBERICA DE SISTEMAS E TECNOLOGIAS DE INFORMACAO,2021,,63 - 79,Associacao Iberica de Sistemas e Tecnologias de Informacao (AISTI),10.17013/risti.41.63-79,1646-9895,,,,,18
MAESTRE GONGORA GINA PAOLA,UNIVERSIDAD INTELIGENTE: MAPA ESTRATÉGICO DESDE LA ADOPCIÓN DE TECNOLOGÍA,Portugal,RISTI REVISTA IBERICA DE SISTEMAS E TECNOLOGIAS DE INFORMACAO,2020,,711 - 724,Associacao Iberica de Sistemas e Tecnologias de Informacao (AISTI),,1646-9895,,,,,18
MARCELES VILLALBA KATERINE,ADAPTIVE BLOCKCHAIN TECHNOLOGY FOR A CYBERSECURITY FRAMEWORK IN IIOT,España,IEEE REVISTA IBEROAMERICANA DE TECNOLOGIAS DEL APRENDIZAJE IEEE RITA,2022,,178 - 184,IEEE Education Society,10.1109/RITA.2022.3166857,1932-8540,,,,,
MARCELES VILLALBA KATERINE,ALGORITMO DE INTELIGENCIA ADAPTABLE A UN FRAMEWORK DE CIBERSEGURIDAD PARA IIOT,Colombia,INGENIERIA Y COMPETITIVIDAD,2022,,1 - 13,,10.25100/iyc.v0i00.11762,0123-3033,,,,,
MARCELES VILLALBA KATERINE,ANÁLISIS DE LOS FRAMEWORKS DE CIBERSEGURIDAD EN IIOT EXISTENTES,Colombia,RISTI REVISTA IBERICA DE SISTEMAS E TECNOLOGIAS DE INFORMACAO,2022,,436 - 448,Associacao Iberica de Sistemas e Tecnologias de Informacao (AISTI),,1646-9895,,,,,18
MARCELES VILLALBA KATERINE,ARQUITECTURA BASADA EN TECNOLOGÍAS EMERGENTES Y TECNOLOGÍA DE MONITOREO DE TRÁFICO DE RED,Colombia,Revista Investigación E Innovación En Ingenieria,2021,,18 - 31,Ediciones Universidad Simón Bolívar,10.17081/invinno.9.3.5340,2344-8652,,,,,
MARCELES VILLALBA KATERINE,ARQUITECTURA DE UN FRAMEWORK DE CIBERSEGURIDAD INTELIGENTE BASADO EN TECNOLOGÍA BLOCKCHAIN PARA IIOT,Colombia,INGENIERIA Y COMPETITIVIDAD,2022,,1 - 13,,10.25100/iyc.v0i00.11761,0123-3033,,,,,
MARCELES VILLALBA KATERINE,ARQUITECTURA IOT PARA LA IDENTIFICACIÓN DE PERSONAS EN ENTORNOS EDUCATIVOS..,Ecuador,RISTI REVISTA IBERICA DE SISTEMAS E TECNOLOGIAS DE INFORMACAO,2019,,841 - 853,Associacao Iberica de Sistemas e Tecnologias de Informacao (AISTI),,1646-9895,,,,,18
MARCELES VILLALBA KATERINE,AUGMENTED REALITY MOBILE INFORMATION SYSTEM FOR THE OBTAINING DETAILED AND NON-INTRUSIVE INFORMATION IN LARGE ENVIRONMENTS,Colombia,INGENIERIA SOLIDARIA,2023,,1 - 19,,10.16925/2357-6014.2023.01.06,2357-6014,,,,,
MARCELES VILLALBA KATERINE,COFFEE FUN: GAMIFIED TOOL BASED ON THE SUM AGILE DEVELOPMENT METHODOLOGY FOR VIDEO GAMES,Colombia,Revista Ingenierías Universidad de Medellín,2020,,159 - 169,UNIVERSIDAD DE MEDELLIN,10.22395/RIUM.V20N38A10,2248-4094,,,,,
MARCELES VILLALBA KATERINE,COMPORTAMIENTO DEL ALGORITMO RSA EN DIFERENTES ARQUITECTURAS COMPUTACIONALES,Ecuador,RISTI REVISTA IBERICA DE SISTEMAS E TECNOLOGIAS DE INFORMACAO,2021,,358 - 369,Associacao Iberica de Sistemas e Tecnologias de Informacao (AISTI),,1646-9895,,,,,18
MARCELES VILLALBA KATERINE,CONCEPTUAL FOUNDATION FOR AN AUTOMATED PENTESTER BASED ON A SINGLE BOARD COMPUTER,Colombia,INGENIERIA SOLIDARIA,2019,,1 - 16,,10.16925/2357-6014.2019.02.08,1900-3102,,,,,
MARCELES VILLALBA KATERINE,CRIPTOANÁLISIS DEL ALGORITMO RSA DE AL MENOS 330 BITS CON DISPOSITIVOS DE BAJO COSTO SBC,Ecuador,RISTI REVISTA IBERICA DE SISTEMAS E TECNOLOGIAS DE INFORMACAO,2019,,886 - 899,Associacao Iberica de Sistemas e Tecnologias de Informacao (AISTI),,1646-9895,,,,,18
MARCELES VILLALBA KATERINE,DETERMINACIÓN DE TÉCNICA DE INTELIGENCIA PARA LA DETECCIÓN DE UN TIPO DE ATAQUE EN UN IDS,Ecuador,RISTI REVISTA IBERICA DE SISTEMAS E TECNOLOGIAS DE INFORMACAO,2021,,317 - 329,Associacao Iberica de Sistemas e Tecnologias de Informacao (AISTI),,1646-9895,,,,,18
MARCELES VILLALBA KATERINE,DISEÑO DE UN SERVICIO DE LLAMADA ANÓNIMA BASADA EN UN SBC DE BAJO COSTO,Ecuador,RISTI REVISTA IBERICA DE SISTEMAS E TECNOLOGIAS DE INFORMACAO,2021,,276 - 288,Associacao Iberica de Sistemas e Tecnologias de Informacao (AISTI),,1646-9895,,,,,18
MARCELES VILLALBA KATERINE,DYNAMIC CYBERSECURITY MODEL BASED ON ISO STANDARDS FOR HIGHER EDUCATION INSTITUTIONS IN COLOMBIA,Colombia,INGENIERIA SOLIDARIA,2021,,1 - 21,,10.16925/2357-6014.2021.03.05,1900-3102,,,,,
MARCELES VILLALBA KATERINE,ESTIMATE OF THE SATISFACTION ATTRIBUTE IN USER TESTS FROM FACIAL EXPRESSION ANALYSIS,Colombia,Revista Ingenierías Universidad de Medellín,2020,,13 - 28,UNIVERSIDAD DE MEDELLIN,10.22395/rium.v19n36a1,1692-3324,,,,,
MARCELES VILLALBA KATERINE,ESTRATEGIA INCLUSIVA MEDIADA POR TIC PARA EL MEJORAMIENTO DE LA COMUNICACIÓN DE PERSONAS EN CONDICIÓN DE DISCAPACIDAD AUDITIVA Y VOCAL,Ecuador,RISTI REVISTA IBERICA DE SISTEMAS E TECNOLOGIAS DE INFORMACAO,2019,,184 - 193,Associacao Iberica de Sistemas e Tecnologias de Informacao (AISTI),,1646-9895,,,,,18
MARCELES VILLALBA KATERINE,EVALUATIVE STUDY OF AN ANONYMOUS COMMUNICATION ARCHITECTURE FOR WEB BROWSING USING SBC DEVICES,Colombia,Ingeniería Y Competitividad,2021,,1 - 15,Centro Editorial De La Universidad Del Valle,10.25100/iyc.v24i1.11063,2027-8284,,,,,
MARCELES VILLALBA KATERINE,GESTOR UNIFICADO DE AMENAZAS BASADO EN UN RASPBERRY PI,Ecuador,RISTI REVISTA IBERICA DE SISTEMAS E TECNOLOGIAS DE INFORMACAO,2021,,303 - 316,Associacao Iberica de Sistemas e Tecnologias de Informacao (AISTI),,1646-9895,,,,,18
MARCELES VILLALBA KATERINE,HERO TEST: HERRAMIENTA INTERACTIVA DE TAMIZAJE ENFOCADA EN LA DETECCIÓN TEMPRANA DE DEFICIENCIAS AUDITIVAS EN NIÑOS ENTRE LOS 4 A 7 AÑOS DE EDAD,Colombia,RISTI REVISTA IBERICA DE SISTEMAS E TECNOLOGIAS DE INFORMACAO,2020,,502 - 514,Associacao Iberica de Sistemas e Tecnologias de Informacao (AISTI),,1646-9895,,,,,18
MARCELES VILLALBA KATERINE,HERRAMIENTA TECNOLÓGICA DISRUPTIVA PARA LA INCLUSIÓN SOCIAL EN PERSONAS SORDAS,Colombia,RISTI REVISTA IBERICA DE SISTEMAS E TECNOLOGIAS DE INFORMACAO,2020,,751 - 762,Associacao Iberica de Sistemas e Tecnologias de Informacao (AISTI),,1646-9895,,,,,18
MARCELES VILLALBA KATERINE,ORIENTATION SYSTEM USING AUGMENTED REALITY FOR UNIVERSITIES,Colombia,REVISTA FACULTAD DE INGENIERIA UNIVERSIDAD PEDAGOGICA Y TECNOLOGICA DE COLOMBIA,2023,,1 - 19,,10.19053/01211129.v32.n64.2023.15538,0121-1129,,,,,
MARCELES VILLALBA KATERINE,PASOS PARA DISEÑAR UN MODELO DE MADUREZ CON MARCO DE TRABAJO ÁGIL PARA LA IMPLEMENTACIÓN A SISTEMAS DE GESTIÓN DE SEGURIDAD DE TI ALINEADO A LAS POLÍTICAS DE GOBIERNO COLOMBIANO PARA EL SECTOR PÚBLICO,Colombia,RISTI REVISTA IBERICA DE SISTEMAS E TECNOLOGIAS DE INFORMACAO,2022,,501 - 507,Associacao Iberica de Sistemas e Tecnologias de Informacao (AISTI),,1646-9895,,,,,18
MARCELES VILLALBA KATERINE,PROPUESTA DE UNA ARQUITECTURA IOT PARA EL CONTROL DOMÓTICO E INMÓTICO DE EDIFICACIONES,Colombia,RISTI REVISTA IBERICA DE SISTEMAS E TECNOLOGIAS DE INFORMACAO,2020,,28 - 40,Associacao Iberica de Sistemas e Tecnologias de Informacao (AISTI),,1646-9895,,,,,18
MARCELES VILLALBA KATERINE,PRUEBAS DE CONCEPTO AUTOMATIZADO SOBRE APLICACIONES WEB UTILIZANDO RASPBERRY PI,Ecuador,RISTI REVISTA IBERICA DE SISTEMAS E TECNOLOGIAS DE INFORMACAO,2019,,648 - 659,Associacao Iberica de Sistemas e Tecnologias de Informacao (AISTI),,1646-9895,,,,,18
MARCELES VILLALBA KATERINE,SAFE-PRO: HERRAMIENTA DE ENTRETENAMIENTO Y APRENDIZAJE EN SEGURIDAD INFORMÁTICA,Ecuador,RISTI REVISTA IBERICA DE SISTEMAS E TECNOLOGIAS DE INFORMACAO,2021,,289 - 302,Associacao Iberica de Sistemas e Tecnologias de Informacao (AISTI),,1646-9895,,,,,18
MARCELES VILLALBA KATERINE,SELECCIÓN DE INDICADORES PARA LA IMPLEMENTACIÓN DE UN IDS EN PYMES,Colombia,RISTI REVISTA IBERICA DE SISTEMAS E TECNOLOGIAS DE INFORMACAO,2020,,777 - 785,Associacao Iberica de Sistemas e Tecnologias de Informacao (AISTI),,1646-9895,,,,,18
MARCELES VILLALBA KATERINE,SERVICIO DE NAVEGACIÓN ANÓNIMA BASADA EN UN RASPBERRY PI,Colombia,RISTI REVISTA IBERICA DE SISTEMAS E TECNOLOGIAS DE INFORMACAO,2020,,587 - 597,Associacao Iberica de Sistemas e Tecnologias de Informacao (AISTI),,1646-9895,,,,,18
MARCELES VILLALBA KATERINE,SINSEÑAS: MOBILE APPLICATION FOR LEARNING AND TRANSLATION OF COLOMBIAN SIGN LANGUAGE,Colombia,Ingeniería Y Competitividad,2024,,1 - 11,Centro Editorial De La Universidad Del Valle,10.25100/iyc,2027-8284,,,,,
MARCELES VILLALBA KATERINE,SISTEMA DE RIEGO CON TECNOLOGÍA IOT:SMART DRIP SYSTEM,Ecuador,RISTI REVISTA IBERICA DE SISTEMAS E TECNOLOGIAS DE INFORMACAO,2019,,121 - 133,Associacao Iberica de Sistemas e Tecnologias de Informacao (AISTI),,1646-9895,,,,,18
MARCELES VILLALBA KATERINE,SISTEMA PARA LA DETECCIÓN Y SEGUIMIENTO DE AFECCIONES CARDÍACAS SOPORTADO EN SBC,Ecuador,RISTI REVISTA IBERICA DE SISTEMAS E TECNOLOGIAS DE INFORMACAO,2019,,717 - 728,Associacao Iberica de Sistemas e Tecnologias de Informacao (AISTI),,1646-9895,,,,,18
MARCELES VILLALBA KATERINE,SISTEMA SOFTWARE PARA LA EJECUCIÓN DE PRUEBAS DE USABILIDAD BAJO EL ENFOQUE DE MOUSE TRACKING - USABILITY TESTING SOFTWARE IMPLEMENTING MOUSE TRACKING,Colombia,TecnoLógicas,2019,,19 - 31,Instituto Tecnológico Metropolitano,10.22430/22565337.1511,2256-5337,,,,,
MARCELES VILLALBA KATERINE,"SISTEMA UNIFICADO DE AMENAZAS, BASADO EN CLÚSTER DE SBC DE BAJO COSTO",Colombia,RISTI REVISTA IBERICA DE SISTEMAS E TECNOLOGIAS DE INFORMACAO,2020,,413 - 425,Associacao Iberica de Sistemas e Tecnologias de Informacao (AISTI),,1646-9895,,,,,18
MARCELES VILLALBA KATERINE,"SYSTEMATIC REVIEW FOR THE CONSTRUCTION OF AN ARCHITECTURE WITH EMERGING IOT TECHNOLOGIES, ARTIFICIAL INTELLIGENCE TECHNIQUES, MONITORING AND STORAGE OF MALICIOUS TRAFFIC",España,IEEE REVISTA IBEROAMERICANA DE TECNOLOGIAS DEL APRENDIZAJE IEEE RITA,2022,,386 - 392,IEEE Education Society,10.1109/RITA.2022.3217183,1932-8540,,,,,
MARCELES VILLALBA KATERINE,VALIDATION OF CYBERSECURITY FRAMEWORK FOR THREAT MITIGATION,Colombia,REVISTA FACULTAD DE INGENIERIA UNIVERSIDAD PEDAGOGICA Y TECNOLOGICA DE COLOMBIA,2022,,1 - 21,,10.19053/01211129.v31.n62.2022.14840,0121-1129,,,,,
MERA BANGUERO CARLOS ANDRES,A METHOD FOR ASSESSING THE ACCESSIBILITY AND USABILITY IN MOBILE APPLICATIONS,Colombia,TecnoLógicas,2020,,99 - 117,Instituto Tecnológico Metropolitano,10.22430/22565337.1553,2256-5337,https://revistas.itm.edu.co/index.php/tecnologicas/article/view/1553,,,,
MERA BANGUERO CARLOS ANDRES,ADAPTIVE CLASSIFICATION USING INCREMENTAL LEARNING FOR SEISMIC-VOLCANIC SIGNALS WITH CONCEPT DRIFT,,,2021,,1 - 14,Elsevier,10.1016/j.jvolgeores.2021.107211,0377-0273,,,,,
MERA BANGUERO CARLOS ANDRES,ANTIMICROBIAL PEPTIDES DESIGNED BY COMPUTATIONAL ANALYSIS OF PROTEOMES,,Antonie van Leeuwenhoek,2024,,1 - 14,Springer Netherlands,10.1007/s10482-024-01946-0,1572-9699,https://doi.org/10.1007/s10482-024-01946-0,,,Dahiana Monsalve; Andrea Mesa; Laura M. Mira; Carlos Mera; Sergio Orduz; John W. Branch-Bedoya,121
MERA BANGUERO CARLOS ANDRES,ASSESSMENT OF SEGMENTATION METHODS FOR PORE DETECTION IN CELLULAR CONCRETE IMAGES,,"2019 XXII Symposium on Image, Signal Processing and Artificial Vision (STSIVA)",2019,,,,10.1109/stsiva.2019.8730220,,http://dx.doi.org/10.1109/stsiva.2019.8730220,,,,
MERA BANGUERO CARLOS ANDRES,EVALUATION OF WEAKLY SUPERVISED LEARNING PARADIGMS ON AUTOMATIC VISUAL INSPECTION,,IEEE Latin America Transactions,2020,jun,1017--1025,Institute of Electrical and Electronics Engineers (IEEE),10.1109/tla.2020.9099678,1548-0992,https://doi.org/10.1109%2Ftla.2020.9099678,18,06,Jose Arrieta and Carlos Mera and Albeiro Espinosa,36
MERA BANGUERO CARLOS ANDRES,GENERACIÓN DE PÉPTIDOS ANTIMICROBIANOS MEDIANTE REDES NEURONALES RECURRENTES,,DYNA,2021,,,,10.15446/dyna.v88n216.88799,,https://doi.org/10.15446/dyna.v88n216.88799,,,Andres Veléz; Carlos Andres Mera; Sergio Orduz; John Willian Branch,
MERA BANGUERO CARLOS ANDRES,INCREMENTAL LEARNING OF CONCEPT DRIFT IN MULTIPLE INSTANCE LEARNING FOR INDUSTRIAL VISUAL INSPECTION,,Computers in Industry,2019,,153 - 164,Elsevier,10.1016/j.compind.2019.04.006,0166-3615,http://dx.doi.org/10.1016/j.compind.2019.04.006,,,,129
MERA BANGUERO CARLOS ANDRES,POROSITY ESTIMATION AND PORE STRUCTURE CHARACTERIZATION OF FOAMED CEMENT PASTE USING NON-SPECIALIZED IMAGE DIGITAL PROCESSING,Suiza,MATERIALS AND STRUCTURES,2022,,1 - 13,Springer Netherlands,10.1617/s11527-022-02031-6,1871-6873,,,,,178
MERA BANGUERO CARLOS ANDRES,SYNTHETIC ANTIMICROBIAL PEPTIDES GENERATION USING RECURRENT NEURAL NETWORKS,Colombia,DYNA,2021,,210 - 219,Universidad Nacional de Colombia,10.15446/dyna.v88n221.88799,0012-7353,,,,,
MERA BANGUERO CARLOS ANDRES,VISUALIZACIÓN DE CONJUNTOS DE DATOS DE MÚLTIPLES INSTANCIAS,Portugal,Risti,2020,,84 - 99,Associacao Iberica de Sistemas e Tecnologias de Informacao (AISTI),10.17013/risti.39.84-99,1646-9895,http://www.scielo.mec.pt/pdf/rist/n39/n39a07.pdf,,,,
MUNERA RAMIREZ DANNY ALEXANDRO,ANOMALY CLASSIFICATION IN INDUSTRIAL INTERNET OF THINGS: A REVIEW,,Intelligent Systems with Applications,2023,,,,10.1016/j.iswa.2023.200232,,https://doi.org/10.1016/j.iswa.2023.200232,,,Martha Rodríguez; Diana P. Tobón; Danny Múnera,18
MUNERA RAMIREZ DANNY ALEXANDRO,DATA QUALITY IN IOT-BASED AIR QUALITY MONITORING SYSTEMS: A SYSTEMATIC MAPPING STUDY,,"Water, Air, & Soil Pollution",2023,,1 - 23,Springer Netherlands,10.1007/s11270-023-06127-9,0049-6979,https://bibliotecadigital.udea.edu.co/handle/10495/35006,,,Danny Munera,133
MUNERA RAMIREZ DANNY ALEXANDRO,DQ-MAN: A TOOL FOR MULTI-DIMENSIONAL DATA QUALITY ANALYSIS IN IOT-BASED AIR QUALITY MONITORING SYSTEMS,,Internet of Things,2023,,1 - 18,Elsevier,10.1016/j.iot.2023.100769,2542-6605,https://bibliotecadigital.udea.edu.co/handle/10495/35075,,,Danny Munera,24
MUNERA RAMIREZ DANNY ALEXANDRO,IOT-BASED AIR QUALITY MONITORING SYSTEMS FOR SMART CITIES: A SYSTEMATIC MAPPING STUDY,Indonesia,International Journal of Electrical and Computer Engineering,2021,,3470-3482,Institute of Advanced Engineering and Science (IAES),10.11591/ijece.v11i4.pp3470-3482,2088-8708,,11,4,"Múnera, D. and Diana P. Tobón, V. and Aguirre, J. and Gómez, N.G.",38
RAMOS POLLAN RAUL,AUTOMATIC DETECTION OF BUILDING TYPOLOGY USING DEEP LEARNING METHODS ON STREET LEVEL IMAGES,,,2020,,106805 - 106805,Pergamon-Elsevier Science Ltd,10.1016/j.buildenv.2020.106805,0360-1323,,,,,
RAMOS POLLAN RAUL,ENSEMBLE-BASED APPROACH FOR SEMISUPERVISED LEARNING IN REMOTE SENSING,,Journal of Applied Remote Sensing,2021,aug,,SPIE-Intl Soc Optical Eng,10.1117/1.jrs.15.034509,,https://doi.org/10.1117%2F1.jrs.15.034509,15,03,Miguel Plazas and Raúl Ramos-Pollán and Fabio Martínez,63
RAMOS POLLAN RAUL,GBRAS-NET: A CONVOLUTIONAL NEURAL NETWORK ARCHITECTURE FOR SPATIAL IMAGE STEGANALYSIS,,IEEE Access,2021,,14340--14350,Institute of Electrical and Electronics Engineers (IEEE),10.1109/access.2021.3052494,2169-3536,https://doi.org/10.1109%2Faccess.2021.3052494,9,,Tabares-Soto Reinel and Arteaga-Arteaga Harold Brayan and Bravo-Ortiz Mario Alejandro and Mora-Rubio Alejandro and Arias-Garzon Daniel and Alzate-Grisales Jesus Alejandro and Burbano-Jacome Alejandro Buenaventura and Orozco-Arias Simon and Isaza Gustavo and Ramos-Pollan Raul,242
RAMOS POLLAN RAUL,PERSPECTIVAS Y RETOS DE LAS TÉCNICAS DE INTELIGENCIA ARTIFICIAL EN EL ÁMBITO DE LAS CIENCIAS SOCIALES Y DE LA COMUNICACIÓN,Colombia,ANUARIO ELECTRONICO DE ESTUDIOS EN COMUNICACION SOCIAL DISERTACIONES,2020,,3 - 3,Universidad del Rosario,10.12804/revistas.urosario.edu.co/disertaciones/a.7774,1856-9536,,,,,3
RAMOS POLLAN RAUL,SENSITIVITY OF DEEP LEARNING APPLIED TO SPATIAL IMAGE STEGANALYSIS,,PeerJ Computer Science,2021,aug,e616,PeerJ,10.7717/peerj-cs.616,,https://doi.org/10.7717%2Fpeerj-cs.616,7,,Reinel Tabares-Soto and Harold Brayan Arteaga-Arteaga and Alejandro Mora-Rubio and Mario Alejandro Bravo-Ortíz and Daniel Arias-Garzón and Jesús Alejandro Alzate-Grisales and Simon Orozco-Arias and Gustavo Isaza and Raúl Ramos-Pollán,47
RAMOS POLLAN RAUL,STRATEGY TO IMPROVE THE ACCURACY OF CONVOLUTIONAL NEURAL NETWORK ARCHITECTURES APPLIED TO DIGITAL IMAGE STEGANALYSIS IN THE SPATIAL DOMAIN,,,2021,,e451 - e460,PeerJ Inc.,10.7717/peerj-cs.451,2376-5992,,,,,
RAMOS POLLAN RAUL,SYNTHETIC DATA GENERATION WITH DEEP GENERATIVE MODELS TO ENHANCE PREDICTIVE TASKS IN TRADING STRATEGIES,,Research in International Business and Finance,2022,,,,10.1016/j.ribaf.2022.101747,,https://doi.org/10.1016/j.ribaf.2022.101747,,,Daniel Carvajal-Patiño; Raul Ramos-Pollán,73
RAMOS POLLAN RAUL,UNA METODOLOGÍA DE POSICIONAMIENTO COOPERATIVO DIFERENCIAL PARA EL POSICIONAMIENTO DE DISPOSITIVOS MÚLTIPLES,Colombia,INGENIERIA SOLIDARIA,2019,,1 - 29,,10.16925/2357-6014.2019.02.01,1900-3102,,,,,
RAMOS POLLAN RAUL,USE OF DEEP LEARNING MODELS IN STREET-LEVEL IMAGES TO CLASSIFY ONE-STORY UNREINFORCED MASONRY BUILDINGS BASED ON ROOF DIAPHRAGMS,,,2021,,0 - 0,Pergamon-Elsevier Science Ltd,10.1016/j.buildenv.2020.107517,0360-1323,,,,,
SALAZAR SANCHEZ MARIA BERNARDA,"DISEÑO DE UN PROTOTIPO WEB PORTABLE PARA EL SENSADO, ADQUISICIÓN Y VISUALIZACIÓN DE DIFERENTES SEÑALES VÍA REMOTA",,Encuentro Internacional de Educación en Ingeniería,2020,,,,,,,Null,,"Agudelo, Juan Camilo Mesa and López, Carolina Rodríguez and Sánchez, María Bernarda Salazar",
SALAZAR SANCHEZ MARIA BERNARDA,MEDICAL LEARNING TOOL FOR VENTILATOR WEANING PROTOCOLS,Colombia,Revista EIA,2020,jun,1 - 12,Universidad EIA,10.24050/reia.v17i34.1416,1794-1237,https://doi.org/10.24050%2Freia.v17i34.1416,17,34,Juan Camilo Mesa Agudelo and Maria Bernarda Salazar Sánchez,
SALAZAR SANCHEZ MARIA BERNARDA,MODELING OF HEART RATE VARIABILITY AND RESPIRATORY MUSCLE ACTIVITY IN ORGANOPHOSPHATE POISONED PATIENTS,,IEEE journal of biomedical and health informatics,2019,01,2455 - 2463,Ieee Inst Electrical Electronics Engineers Inc,10.1109/jbhi.2019.2894758,2168-2194,,,,Salazar Sanchez MB and Hernandez AM and Manyanas MA and Cortes Daza C,156
