docente,titulo,pais,revista,año,paginas,editorial,DOI,ISSN
MERA BANGUERO CARLOS ANDRES,A Bag Oversampling Approach for Class Imbalance in Multiple Instance Learning,Suiza,LECTURE NOTES IN COMPUTER SCIENCE,2015,724 - 731,springer verlag,10.1007/978-3-319-25751-8_87,0302-9743
MERA BANGUERO CARLOS ANDRES,Antimicrobial peptides designed by computational analysis of proteomes,,,2024,1 - 14,Springer Netherlands,10.1007/s10482-024-01946-0,1572-9699
MERA BANGUERO CARLOS ANDRES,A Survey on Class Imbalance Learning on Automatic Visual Inspection,,,2014,657 - 667,Ieee Computer Society,10.1109/TLA.2014.6868867,1548-0992
MERA BANGUERO CARLOS ANDRES,Improving Representation of the Positive Class in Imbalanced Multiple-Instance Learning,,,2014,266 - 273,springer verlag,10.1007/978-3-319-11758-4_29,0302-9743
MERA BANGUERO CARLOS ANDRES,Síntesis de imagen médica postcontraste en estudios de DCE-MRI de mama usando aprendizaje profundo,Colombia,TecnoLógicas,2024,1 - 20,Instituto Tecnológico Metropolitano,10.22430/22565337.2992,2256-5337
MERA BANGUERO CARLOS ANDRES,Porosity estimation and pore structure characterization of foamed cement paste using non-specialized image digital processing,Suiza,MATERIALS AND STRUCTURES,2022,1 - 13,Springer Netherlands,10.1617/s11527-022-02031-6,1871-6873
MERA BANGUERO CARLOS ANDRES,Using Dispersion Measures for Determining Block-Size in Motion Estimation,Colombia,DYNA,2012,97 - 104,Universidad Nacional de Colombia,,0012-7353
MERA BANGUERO CARLOS ANDRES,Synthetic antimicrobial peptides generation using recurrent neural networks,Colombia,DYNA,2021,210 - 219,Universidad Nacional de Colombia,10.15446/dyna.v88n221.88799,0012-7353
MERA BANGUERO CARLOS ANDRES,Adaptive classification using incremental learning for seismic-volcanic signals with concept drift,,,2021,1 - 14,Elsevier,10.1016/j.jvolgeores.2021.107211,0377-0273
MERA BANGUERO CARLOS ANDRES,Visualización de conjuntos de datos de múltiples instancias,Portugal,RISTI REVISTA IBERICA DE SISTEMAS E TECNOLOGIAS DE INFORMACAO,2020,84 - 99,Associacao Iberica de Sistemas e Tecnologias de Informacao (AISTI),10.17013/risti.39.84-99,1646-9895
MERA BANGUERO CARLOS ANDRES,Usando Diferencias en la Estimación de Movimiento,Colombia,REVISTA COLOMBIANA DE COMPUTACION,2007,62 - 78,Universidad Autonoma De Bucaramanga,,1657-2831
MERA BANGUERO CARLOS ANDRES,ViRe-YouTube: Visualización de Resultados de Búsqueda en YouTube,Colombia,Avances En Sistemas E Informática,2009,135 - 143,Universidad Nacional De Colombia Sede Medellin,,1657-7663
MERA BANGUERO CARLOS ANDRES,Automatic visual inspection: An approach with multi-instance learning,Inglaterra,COMPUTERS IN INDUSTRY,2016,46 - 54,Elsevier,http://dx.doi.org/10.1016/j.compind.2016.09.002,0166-3615
MERA BANGUERO CARLOS ANDRES,Evaluation of Weakly Supervised Learning Paradigms on Automatic Visual Inspection,,,2020,1017 - 1025,Ieee Computer Society,10.1109/TLA.2020.9099678,1548-0992
MERA BANGUERO CARLOS ANDRES,A Method for Assessing the Accessibility and Usability in Mobile Applications,Colombia,TecnoLógicas,2020,99 - 117,Instituto Tecnológico Metropolitano,10.22430/22565337.1553,2256-5337
MERA BANGUERO CARLOS ANDRES,Incremental learning of concept drift in Multiple Instance Learning for industrial visual inspection,,,2019,153 - 164,Elsevier,10.1016/j.compind.2019.04.006,0166-3615
MERA BANGUERO CARLOS ANDRES,Diseño y evaluación de una máquina de inteligencia artificial para la predicción de péptidos antimicrobianos a partir de secuencias de proteínas,Colombia,INFECTIO,2018,69 - 69,Asociacion Colombiana De Infectologia,,0123-9392
SALAZAR SANCHEZ MARIA BERNARDA,Virtual laboratory for simulation and learning of cardiovascular system function in BME studies,Colombia,REVISTA FACULTAD DE INGENIERIA UNIVERSIDAD DE ANTIOQUIA,2011,206 - 213,Universidad De Antioquia,,0120-6230
SALAZAR SANCHEZ MARIA BERNARDA,Potential clinical application of surface electromyography as indicator of neuromuscular recovery during weaning tests after organophosphate poisoning,Brasil,REVISTA BRASILEIRA DE TERAPIA INTENSIVA,2017,253 - 258,Associacao de Medicina Intensiva Brasileira,10.5935/0103-507X.20170035,1982-4335
SALAZAR SANCHEZ MARIA BERNARDA,Assessment of mechanically ventilated patients intoxicated with organophosphates by a novel surface electromyographic index,Inglaterra,JOURNAL OF CRITICAL CARE,2017,260 - 267,Elsevier Bv,10.1016/j.jcrc.2017.05.022,0883-9441
SALAZAR SANCHEZ MARIA BERNARDA,Efecto del incremento de la PEEP en la actividad muscular respiratoria evaluado con electromiografía de superficie en individuos sanos bajo ventilación espontánea,Colombia,IATREIA,2016,280 - 291,Universidad De Antioquia,http://dx.doi.org/10.17533/udea.iatreia.v29n3a03,0121-0793
SALAZAR SANCHEZ MARIA BERNARDA,Medical Learning Tool for Ventilator Weaning Protocols,Colombia,Revista Eia,2020,1 - 12,ESCUELA DE INGENIERÍA DE ANTIOQUIA,10.24050/reia.v17i34.1416,1794-1237
SALAZAR SANCHEZ MARIA BERNARDA,Modeling of Heart Rate Variability and Respiratory Muscle Activity in Organophosphate Poisoned Patients,,IEEE JOURNAL OF BIOMEDICAL AND HEALTH INFORMATICS,2019,2455 - 2463,Ieee Inst Electrical Electronics Engineers Inc,10.1109/JBHI.2019.2894758,2168-2194
MUNERA RAMIREZ DANNY ALEXANDRO,DQ-MAN: A tool for multi-dimensional data quality analysis in IoT-based air quality monitoring systems,,,2023,1 - 18,Elsevier,10.1016/j.iot.2023.100769,2542-6605
MUNERA RAMIREZ DANNY ALEXANDRO,Data Quality in IoT-Based Air Quality Monitoring Systems: a Systematic Mapping Study,,,2023,1 - 23,Springer Netherlands,10.1007/s11270-023-06127-9,0049-6979
MUNERA RAMIREZ DANNY ALEXANDRO,IoT-based air quality monitoring systems for smart cities: A systematic mapping study,Indonesia,INTERNATIONAL JOURNAL OF ELECTRICAL AND COMPUTER ENGINEERING,2021,3470 - 3482,Institute of Advanced Engineering and Science (IAES),10.11591/ijece.v11i4.pp3470-3482,2088-8708
MUNERA RAMIREZ DANNY ALEXANDRO,UML2SC: Herramienta para el diseño de sistemas electrónicos complejos utilizando los lenguajes UML y SystemC,Colombia,REVISTA FACULTAD DE INGENIERIA UNIVERSIDAD DE ANTIOQUIA,2009,165 - 173,Universidad De Antioquia,,0120-6230
MARCELES VILLALBA KATERINE,SINSEÑAS: Mobile application for learning and translation of colombian sign language,Colombia,Ingeniería Y Competitividad,2024,1 - 11,Centro Editorial De La Universidad Del Valle,10.25100/iyc,2027-8284
MARCELES VILLALBA KATERINE,Orientation System Using Augmented Reality for Universities,Colombia,REVISTA FACULTAD DE INGENIERIA UNIVERSIDAD PEDAGOGICA Y TECNOLOGICA DE COLOMBIA,2023,1 - 19,,10.19053/01211129.v32.n64.2023.15538,0121-1129
MARCELES VILLALBA KATERINE,Augmented reality mobile information system for the obtaining detailed and non-intrusive information in large environments,Colombia,INGENIERIA SOLIDARIA,2023,1 - 19,,10.16925/2357-6014.2023.01.06,2357-6014
MARCELES VILLALBA KATERINE,Validation of Cybersecurity Framework for Threat Mitigation,Colombia,REVISTA FACULTAD DE INGENIERIA UNIVERSIDAD PEDAGOGICA Y TECNOLOGICA DE COLOMBIA,2022,1 - 21,,10.19053/01211129.v31.n62.2022.14840,0121-1129
MARCELES VILLALBA KATERINE,"Systematic Review for the Construction of an Architecture With Emerging IoT Technologies, Artificial Intelligence Techniques, Monitoring and Storage of Malicious Traffic",España,IEEE REVISTA IBEROAMERICANA DE TECNOLOGIAS DEL APRENDIZAJE IEEE RITA,2022,386 - 392,IEEE Education Society,10.1109/RITA.2022.3217183,1932-8540
MARCELES VILLALBA KATERINE,Dynamic Cybersecurity Model based on ISO standards for Higher Education Institutions in Colombia,Colombia,INGENIERIA SOLIDARIA,2021,1 - 21,,10.16925/2357-6014.2021.03.05,1900-3102
MARCELES VILLALBA KATERINE,Pasos para diseñar un modelo de madurez con marco de trabajo ágil para la implementación a sistemas de gestión de seguridad de TI alineado a las políticas de gobierno Colombiano para el sector público,Colombia,RISTI REVISTA IBERICA DE SISTEMAS E TECNOLOGIAS DE INFORMACAO,2022,501 - 507,Associacao Iberica de Sistemas e Tecnologias de Informacao (AISTI),,1646-9895
MARCELES VILLALBA KATERINE,Análisis de los frameworks de ciberseguridad en IIoT existentes,Colombia,RISTI REVISTA IBERICA DE SISTEMAS E TECNOLOGIAS DE INFORMACAO,2022,436 - 448,Associacao Iberica de Sistemas e Tecnologias de Informacao (AISTI),,1646-9895
MARCELES VILLALBA KATERINE,Arquitectura basada en tecnologías emergentes y tecnología de monitoreo de tráfico de red,Colombia,Revista Investigación E Innovación En Ingenieria,2021,18 - 31,Ediciones Universidad Simón Bolívar,10.17081/invinno.9.3.5340,2344-8652
MARCELES VILLALBA KATERINE,Arquitectura de un Framework de ciberseguridad inteligente basado en tecnología Blockchain para IIoT,Colombia,INGENIERIA Y COMPETITIVIDAD,2022,1 - 13,,10.25100/iyc.v0i00.11761,0123-3033
MARCELES VILLALBA KATERINE,Evaluative study of an anonymous communication architecture for web browsing using SBC devices,Colombia,Ingeniería Y Competitividad,2021,1 - 15,Centro Editorial De La Universidad Del Valle,10.25100/iyc.v24i1.11063,2027-8284
MARCELES VILLALBA KATERINE,Adaptive Blockchain Technology for a Cybersecurity Framework in IIoT,España,IEEE REVISTA IBEROAMERICANA DE TECNOLOGIAS DEL APRENDIZAJE IEEE RITA,2022,178 - 184,IEEE Education Society,10.1109/RITA.2022.3166857,1932-8540
MARCELES VILLALBA KATERINE,Algoritmo de inteligencia adaptable a un Framework de Ciberseguridad para IIoT,Colombia,INGENIERIA Y COMPETITIVIDAD,2022,1 - 13,,10.25100/iyc.v0i00.11762,0123-3033
MARCELES VILLALBA KATERINE,Security Validation with Owasp Mobile for the Data Protection in Oral Health,México,Journal Of Circuits Systems And Computers,2017,136 - 144,Editorial Pax Mexico,,1870-4069
MARCELES VILLALBA KATERINE,"Ecologies of learning, in the development of a video game for the formation of the recycling process in primary School Children",México,Research In Computing Science,2017,110 - 118,,,1665-9899
MARCELES VILLALBA KATERINE,Cryptoanalysis of the 340 bit RSA algorithm using SBC,México,Research In Computing Science,2017,124 - 134,,,1665-9899
MARCELES VILLALBA KATERINE,Ecosystems of Collaborative Learning in Educational Technological Mediations: Case Analysis,México,Journal Of Circuits Systems And Computers,2017,119 - 123,Editorial Pax Mexico,,1870-4069
MARCELES VILLALBA KATERINE,Coffee Fun: Gamified Tool Based on the SUM Agile Development Methodology For Video Games,Colombia,Revista Ingenierías Universidad de Medellín,2020,159 - 169,UNIVERSIDAD DE MEDELLIN,10.22395/RIUM.V20N38A10,2248-4094
MARCELES VILLALBA KATERINE,"Sistema Unificado de amenazas, basado en clúster de SBC de bajo costo",Colombia,RISTI REVISTA IBERICA DE SISTEMAS E TECNOLOGIAS DE INFORMACAO,2020,413 - 425,Associacao Iberica de Sistemas e Tecnologias de Informacao (AISTI),,1646-9895
MARCELES VILLALBA KATERINE,Gestor Unificado de Amenazas Basado en un Raspberry Pi,Ecuador,RISTI REVISTA IBERICA DE SISTEMAS E TECNOLOGIAS DE INFORMACAO,2021,303 - 316,Associacao Iberica de Sistemas e Tecnologias de Informacao (AISTI),,1646-9895
MARCELES VILLALBA KATERINE,Hero Test: Herramienta interactiva de tamizaje enfocada en la detección temprana de deficiencias auditivas en niños entre los 4 a 7 años de edad,Colombia,RISTI REVISTA IBERICA DE SISTEMAS E TECNOLOGIAS DE INFORMACAO,2020,502 - 514,Associacao Iberica de Sistemas e Tecnologias de Informacao (AISTI),,1646-9895
MARCELES VILLALBA KATERINE,Comportamiento del algoritmo RSA en diferentes arquitecturas computacionales,Ecuador,RISTI REVISTA IBERICA DE SISTEMAS E TECNOLOGIAS DE INFORMACAO,2021,358 - 369,Associacao Iberica de Sistemas e Tecnologias de Informacao (AISTI),,1646-9895
MARCELES VILLALBA KATERINE,Selección de indicadores para la implementación de un IDS en PYMES,Colombia,RISTI REVISTA IBERICA DE SISTEMAS E TECNOLOGIAS DE INFORMACAO,2020,777 - 785,Associacao Iberica de Sistemas e Tecnologias de Informacao (AISTI),,1646-9895
MARCELES VILLALBA KATERINE,Herramienta tecnológica disruptiva para la inclusión social en personas sordas,Colombia,RISTI REVISTA IBERICA DE SISTEMAS E TECNOLOGIAS DE INFORMACAO,2020,751 - 762,Associacao Iberica de Sistemas e Tecnologias de Informacao (AISTI),,1646-9895
MARCELES VILLALBA KATERINE,Propuesta de una arquitectura IoT para el control domótico e inmótico de edificaciones,Colombia,RISTI REVISTA IBERICA DE SISTEMAS E TECNOLOGIAS DE INFORMACAO,2020,28 - 40,Associacao Iberica de Sistemas e Tecnologias de Informacao (AISTI),,1646-9895
MARCELES VILLALBA KATERINE,"Propuesta de una herramienta para la estimación de la satisfacción en pruebas de usuario, a partir del análisis de expresión facial",Colombia,REVISTA COLOMBIANA DE COMPUTACION,2018,6 - 15,Universidad Autonoma De Bucaramanga,10.29375/25392115.3438,2539-2115
MARCELES VILLALBA KATERINE,Determinación de técnica de inteligencia para la detección de un tipo de ataque en un IDS,Ecuador,RISTI REVISTA IBERICA DE SISTEMAS E TECNOLOGIAS DE INFORMACAO,2021,317 - 329,Associacao Iberica de Sistemas e Tecnologias de Informacao (AISTI),,1646-9895
MARCELES VILLALBA KATERINE,Servicio de navegación anónima basada en un Raspberry pi,Colombia,RISTI REVISTA IBERICA DE SISTEMAS E TECNOLOGIAS DE INFORMACAO,2020,587 - 597,Associacao Iberica de Sistemas e Tecnologias de Informacao (AISTI),,1646-9895
MARCELES VILLALBA KATERINE,Sistema para la Detección y Seguimiento de Afecciones Cardíacas Soportado en SBC,Ecuador,RISTI REVISTA IBERICA DE SISTEMAS E TECNOLOGIAS DE INFORMACAO,2019,717 - 728,Associacao Iberica de Sistemas e Tecnologias de Informacao (AISTI),,1646-9895
MARCELES VILLALBA KATERINE,Estimate of the satisfaction attribute in user tests from facial expression analysis,Colombia,Revista Ingenierías Universidad de Medellín,2020,13 - 28,UNIVERSIDAD DE MEDELLIN,10.22395/rium.v19n36a1,1692-3324
MARCELES VILLALBA KATERINE,Safe-Pro: Herramienta de entretenamiento y aprendizaje en Seguridad Informática,Ecuador,RISTI REVISTA IBERICA DE SISTEMAS E TECNOLOGIAS DE INFORMACAO,2021,289 - 302,Associacao Iberica de Sistemas e Tecnologias de Informacao (AISTI),,1646-9895
MARCELES VILLALBA KATERINE,Arquitectura IoT para la identificación de personas en entornos educativos..,Ecuador,RISTI REVISTA IBERICA DE SISTEMAS E TECNOLOGIAS DE INFORMACAO,2019,841 - 853,Associacao Iberica de Sistemas e Tecnologias de Informacao (AISTI),,1646-9895
MARCELES VILLALBA KATERINE,Diseño de un servicio de llamada anónima basada en un SBC de bajo costo,Ecuador,RISTI REVISTA IBERICA DE SISTEMAS E TECNOLOGIAS DE INFORMACAO,2021,276 - 288,Associacao Iberica de Sistemas e Tecnologias de Informacao (AISTI),,1646-9895
MARCELES VILLALBA KATERINE,Sistema de riego con tecnología IoT:Smart Drip System,Ecuador,RISTI REVISTA IBERICA DE SISTEMAS E TECNOLOGIAS DE INFORMACAO,2019,121 - 133,Associacao Iberica de Sistemas e Tecnologias de Informacao (AISTI),,1646-9895
MARCELES VILLALBA KATERINE,Pruebas de concepto automatizado sobre aplicaciones web utilizando Raspberry Pi,Ecuador,RISTI REVISTA IBERICA DE SISTEMAS E TECNOLOGIAS DE INFORMACAO,2019,648 - 659,Associacao Iberica de Sistemas e Tecnologias de Informacao (AISTI),,1646-9895
MARCELES VILLALBA KATERINE,Conceptual foundation for an automated pentester based on a single board computer,Colombia,INGENIERIA SOLIDARIA,2019,1 - 16,,10.16925/2357-6014.2019.02.08,1900-3102
MARCELES VILLALBA KATERINE,Sistema software para la ejecución de pruebas de usabilidad bajo el enfoque de mouse tracking - Usability Testing Software Implementing Mouse Tracking,Colombia,TecnoLógicas,2019,19 - 31,Instituto Tecnológico Metropolitano,10.22430/22565337.1511,2256-5337
MARCELES VILLALBA KATERINE,Estrategia Inclusiva mediada por TIC para el mejoramiento de la comunicación de personas en condición de discapacidad auditiva y vocal,Ecuador,RISTI REVISTA IBERICA DE SISTEMAS E TECNOLOGIAS DE INFORMACAO,2019,184 - 193,Associacao Iberica de Sistemas e Tecnologias de Informacao (AISTI),,1646-9895
MARCELES VILLALBA KATERINE,Criptoanálisis del algoritmo RSA de al menos 330 bits con dispositivos de bajo costo SBC,Ecuador,RISTI REVISTA IBERICA DE SISTEMAS E TECNOLOGIAS DE INFORMACAO,2019,886 - 899,Associacao Iberica de Sistemas e Tecnologias de Informacao (AISTI),,1646-9895
MARCELES VILLALBA KATERINE,Cryptanalysis of the RSA Algorithm Under a System Distributed Using SBC Devices,México,COMMUNICATIONS IN COMPUTER AND INFORMATION SCIENCE,2018,3 - 12,Springer Science and Business Media Deutschland GmbH,10.1007/978-3-030-03763-5,1865-0929
MARCELES VILLALBA KATERINE,Characterization of the Serious Games Applied to the Historical Heritage,México,COMMUNICATIONS IN COMPUTER AND INFORMATION SCIENCE,2018,135 - 144,Springer Science and Business Media Deutschland GmbH,10.1007/978-3-030-03763-5,1865-0929
MARCELES VILLALBA KATERINE,Recycling: A Serious Game Focused on the Classification of Waste,México,COMMUNICATIONS IN COMPUTER AND INFORMATION SCIENCE,2018,234 - 245,Springer Science and Business Media Deutschland GmbH,10.1007/978-3-030-03763-5,1865-0929
MARCELES VILLALBA KATERINE,Conceptualization of serious games used for the dissemination of historical and cultural heritage in Colombia,México,Research In Computing Science,2017,145 - 156,,,1665-9899
RAMOS POLLAN RAUL,Introducing ROC Curves as Error Measure Functions: A New Approach to Train ANN-Based Biomedical Data Classifiers,Suiza,LECTURE NOTES IN COMPUTER SCIENCE,2010,517 - 524,springer verlag,10.1007/978-3-642-16687-7_68,0302-9743
RAMOS POLLAN RAUL,Classification of Low-Level Atmospheric Structures Based on a Pyramid Representation and a Machine Learning Method,Uruguay,LECTURE NOTES IN COMPUTER SCIENCE,2015,19 - 26,springer verlag,10.1007/978-3-319-25751-8_3,0302-9743
RAMOS POLLAN RAUL,Distributed Cache Strategies for Machine Learning Classification Tasks over Cluster Computing Resources,Suiza,COMMUNICATIONS IN COMPUTER AND INFORMATION SCIENCE,2014,43 - 53,Springer Science and Business Media Deutschland GmbH,10.1007/978-3-662-45483-1_4,1865-0929
RAMOS POLLAN RAUL,Benchmarking Datasets for Breast Cancer Computer-Aided Diagnosis (CADx),Suiza,LECTURE NOTES IN COMPUTER SCIENCE,2013,326 - 333,springer verlag,10.1007/978-3-642-41822-8_41,0302-9743
RAMOS POLLAN RAUL,Supervised Greedy Layer-Wise Training for Deep Convolutional Networks with Small Datasets,Suiza,LECTURE NOTES IN COMPUTER SCIENCE,2015,275 - 284,springer verlag,10.1007/978-3-319-24069-5_26,0302-9743
RAMOS POLLAN RAUL,Convolutional neural networks for mammography mass lesion classification,Colombia,ANNUAL INTERNATIONAL CONFERENCE OF THE IEEE ENGINEERING IN MEDICINE AND BIOLOGY PROCEEDINGS,2015,797 - 800,Institute Of Electrical And Electronics Engineers Inc,10.1109/EMBC.2015.7318482,1557-170X
RAMOS POLLAN RAUL,A Software Framework for Building Biomedical Machine Learning Classifiers through Grid Computing Resources,Suiza,JOURNAL OF MEDICAL SYSTEMS,2012,2245 - 2257,Springer New York,10.1007/s10916-011-9692-3,1573-689X
RAMOS POLLAN RAUL,Exchanging data for breast cancer diagnosis on heterogeneous GRID platforms,,COMPUTING AND INFORMATICS,2012,1001 - 1013,Slovak Academy of Sciences,,1335-9150
RAMOS POLLAN RAUL,Discovering Mammography-based Machine Learning Classifiers for Breast Cancer Diagnosis,Suiza,JOURNAL OF MEDICAL SYSTEMS,2012,2259 - 2269,Springer New York,10.1007/s10916-011-9693-2,1573-689X
RAMOS POLLAN RAUL,Multi-resolution anisotropy studies of ultrahigh-energy cosmic rays detected at the Pierre Auger ObservatoryA Aab,Colombia,JOURNAL OF COSMOLOGY AND ASTROPARTICLE PHYSICS,2017,1 - 8,IOP Publishing Ltd,https://doi.org/10.1088/issn.1475-7516,1475-7516
RAMOS POLLAN RAUL,Data driven Vertical Total Electron Content workflow for GNSS positioning for single frequency receivers,Colombia,PROCEEDINGS OF THE IEEE,2016,1 - 6,Ieee Inst Electrical Electronics Engineers Inc,10.1109/ICL-GNSS.2016.7533862,0018-9219
RAMOS POLLAN RAUL,Evidence for a mixed mass composition at the ¿ankle¿in the cosmic-ray spectrumPierre Auger collaboration,Colombia,PHYSICS LETTERS B,2016,288 - 295,Elsevier,https://doi.org/10.1016/j.physletb.2016.09.039,0370-2693
RAMOS POLLAN RAUL,Accelerating common machine learning algorithms through GPGPU symbolic computing,Colombia,PROCEEDINGS OF THE IEEE,2015,387 - 391,Ieee Inst Electrical Electronics Engineers Inc,https://doi.org/10.1109/ColumbianCC.2015.7333450,0018-9219
RAMOS POLLAN RAUL,Measurement of the muon production depths at the Pierre Auger Observatory,Colombia,EUROPEAN PHYSICAL JOURNAL PLUS,2015,1 - 15,Springer Science + Business Media,https://doi.org/10.1140/epjp/i2016-16301-6,2190-5444
RAMOS POLLAN RAUL,Search for photons with energies above 1018 eV using the hybrid detector of the Pierre Auger Observatory,,JOURNAL OF COSMOLOGY AND ASTROPARTICLE PHYSICS,2017,1 - 23,IOP Publishing Ltd,https://doi.org/10.1088/1475-7516/2017/04/009,1475-7516
RAMOS POLLAN RAUL,Combined fit of spectrum and composition data as measured by the Pierre Auger Observatory,Argentina,JOURNAL OF COSMOLOGY AND ASTROPARTICLE PHYSICS,2017,1 - 42,IOP Publishing Ltd,https://doi.org/10.1088/1475-7516/2017/04/038,1475-7516
RAMOS POLLAN RAUL,Impact of atmospheric effects on the energy reconstruction of air showers observed by the surface detectors of the Pierre Auger Observatory,Ecuador,JOURNAL OF INSTRUMENTATION,2017,1 - 24,IOP Publishing Ltd,http://dx.doi.org/10.1088/1748-0221/12/02/P02006,1748-0221
RAMOS POLLAN RAUL,A comprehensive assessment of ionospheric gradients observed in Ecuador during 2013 and 2014 for ground based augmentation systems,Venezuela,ELSEVIER OCEAN ENGINEERING SERIES,2017,1 - 15,Elsevier Ltd.,https://doi.org/10.1016/j.asr.2017.02.001,1571-9952
RAMOS POLLAN RAUL,A Targeted Search for Point Sources of EeV Photons with the Pierre Auger Observatory,Ecuador,JOURNAL OF COSMOLOGY AND ASTROPARTICLE PHYSICS,2017,1 - 7,IOP Publishing Ltd,https://doi.org/10.3847/2041-8213/aa61a5,1475-7516
RAMOS POLLAN RAUL,Ultrahigh-energy neutrino follow-up of gravitational wave events GW150914 and GW151226 with the Pierre Auger Observatory,Italia,PHYSICAL REVIEW D,2016,1 - 10,American Physical Society,https://doi.org/10.1103/PhysRevD.94.122007,2470-0010
RAMOS POLLAN RAUL,Search for ultrarelativistic magnetic monopoles with the Pierre Auger observatory,Colombia,PHYSICAL REVIEW D,2016,3 - 12,American Physical Society,https://doi.org/10.1103/PhysRevD.94.082002,2470-0010
RAMOS POLLAN RAUL,Calibration of the Logarithmic-Periodic Dipole Antenna (LPDA) Radio Stations at the Pierre Auger Observatory using an Octocopter,Ecuador,Technical Report - Cornell University Water Resources And Marine Sciences Center,2017,1 - 39,,,0197-0526
RAMOS POLLAN RAUL,Muon counting using silicon photomultipliers in the AMIGA detector of the Pierre Auger observatory,Ecuador,JOURNAL OF INSTRUMENTATION,2017,1 - 25,IOP Publishing Ltd,http://dx.doi.org/10.1088/1748-0221/12/03/P03002,1748-0221
RAMOS POLLAN RAUL,Exploring Alzheimer's anatomical patterns through convolutional networks,Ecuador,SPIE REVIEWS,2016,1 -,Spie,http://dx.doi.org/10.1117/12.2256840,1946-3251
RAMOS POLLAN RAUL,Assessing the behavior of machine learning methods to predict the activity of antimicrobial peptides,Italia,REVISTA FACULTAD DE INGENIERIA UNIVERSIDAD PEDAGOGICA Y TECNOLOGICA DE COLOMBIA,2017,1 - 20,,http://dx.doi.org/10.19053/01211129,0121-1129
RAMOS POLLAN RAUL,Representation learning for mammography mass lesion classification with convolutional neural networks,Colombia,COMPUTER METHODS AND PROGRAMS IN BIOMEDICINE,2016,148 - 157,ELSEVIER IRELAND LTD,https://doi.org/10.1016/j.cmpb.2015.12.014,0169-2607
RAMOS POLLAN RAUL,Perspectivas y retos de las técnicas de inteligencia artificial en el ámbito de las ciencias sociales y de la comunicación,Colombia,ANUARIO ELECTRONICO DE ESTUDIOS EN COMUNICACION SOCIAL DISERTACIONES,2020,3 - 3,Universidad del Rosario,10.12804/revistas.urosario.edu.co/disertaciones/a.7774,1856-9536
RAMOS POLLAN RAUL,Automatic detection of building typology using deep learning methods on street level images,,,2020,106805 - 106805,Pergamon-Elsevier Science Ltd,10.1016/j.buildenv.2020.106805,0360-1323
RAMOS POLLAN RAUL,Use of deep learning models in street-level images to classify one-story unreinforced masonry buildings based on roof diaphragms,,,2021,0 - 0,Pergamon-Elsevier Science Ltd,10.1016/j.buildenv.2020.107517,0360-1323
RAMOS POLLAN RAUL,GBRAS-Net: a convolutional neural network architecture for spatial image steganalysis,,,2021,14340 - 14350,Ieee Inst Electrical Electronics Engineers Inc,10.1109/ACCESS.2021.3052494,2169-3536
RAMOS POLLAN RAUL,Una metodología de posicionamiento cooperativo diferencial para el posicionamiento de dispositivos múltiples,Colombia,INGENIERIA SOLIDARIA,2019,1 - 29,,10.16925/2357-6014.2019.02.01,1900-3102
RAMOS POLLAN RAUL,Strategy to improve the accuracy of convolutional neural network architectures applied to digital image steganalysis in the spatial domain,,,2021,e451 - e460,PeerJ Inc.,10.7717/peerj-cs.451,2376-5992
RAMOS POLLAN RAUL,Grid infrastructures for developing mammography CAD systems,Argentina,ANNUAL INTERNATIONAL CONFERENCE OF THE IEEE ENGINEERING IN MEDICINE AND BIOLOGY PROCEEDINGS,2010,3467 - 3470,Institute Of Electrical And Electronics Engineers Inc,10.1109/IEMBS.2010.5627832,1557-170X
RAMOS POLLAN RAUL,Classification of antimicrobial peptides with imbalanced datasets,Ecuador,Spie Proceedings Series,2015,96810 - 968115,,10.1117/12.2207525,1017-2653
RAMOS POLLAN RAUL,Feature Learning Using Stacked Autoencoders to Predict the Activity of Antimicrobial Peptides,Suiza,LECTURE NOTES IN COMPUTER SCIENCE,2015,121 - 132,springer verlag,10.1007/978-3-319-23401-4_11,1611-3349
RAMOS POLLAN RAUL,Convolutional neural networks for mammography mass lesion classification,Colombia,ANNUAL INTERNATIONAL CONFERENCE OF THE IEEE ENGINEERING IN MEDICINE AND BIOLOGY PROCEEDINGS,2015,797 - 800,Institute Of Electrical And Electronics Engineers Inc,10.1109/EMBC.2015.7318482,1557-170X
COBALEDA ESTEPA LUZ VIVIANA,Personalización de contenidos en sistemas hipermedia educativos adaptativos: una revisión.,Colombia,REVISTA FACULTAD DE INGENIERIA UNIVERSIDAD DE ANTIOQUIA,2009,217 - 226,Universidad De Antioquia,,0120-6230
COBALEDA ESTEPA LUZ VIVIANA,Reference software architecture for improving modifiability of personalised web applications - a controlled experiment,Colombia,INTERNATIONAL JOURNAL OF WEB ENGINEERING AND TECHNOLOGY,2016,351 - 370,Inderscience Enterprises Ltd.,http://dx.doi.org/10.1504/IJWET.2016.081768,1741-9212
MAESTRE GONGORA GINA PAOLA,Factores Clave en la Gestión de Tecnología de Información para Sistemas de Gobierno Inteligente,Chile,JOURNAL OF TECHNOLOGY MANAGEMENT AND INNOVATION,2015,109 - 117,Journal of Technology Management & Innovation Group,10.4067/S0718-27242015000400012,0718-2724
MAESTRE GONGORA GINA PAOLA,Dataset about information technology governance: A survey in Colombian enterprises,,,2023,-,Elsevier Bv,10.1016/j.dib.2023.109480,2352-3409
MAESTRE GONGORA GINA PAOLA,A Data-Driven Architecture for Smart Renewable Energy Microgrids in Non-Interconnected Zones: A Colombian Case Study,Suiza,ENERGIES,2023,1 - 15,Multidisciplinary Digital Publishing Institute (MDPI),10.3390/en16237900,1996-1073
MAESTRE GONGORA GINA PAOLA,Análisis de datos sobre los hurtos en la ciudad de Medellín desde un enfoque descriptivo,Colombia,"Revista De Investigación, Desarrollo E Innovación",2023,173 - 184,Universidad Pedagógica y Tecnológica de Colombia,10.19053/20278306.v13.n1.2023.16059,2027-8306
MAESTRE GONGORA GINA PAOLA,Modelo de evaluación para valorar el cambio en las prácticas docentes con TIC,Colombia,UIS INGENIERIAS,2014,7 - 22,,,1657-4583
MAESTRE GONGORA GINA PAOLA,Exploring open government data and big data from a quality perspective,Colombia,REVISTA COLOMBIANA DE COMPUTACION,2023,1 - 17,Universidad Autonoma De Bucaramanga,10.29375/25392115.4389,2539-2115
MAESTRE GONGORA GINA PAOLA,Data Analysis of Electricity Service in Colombia¿s Non-Interconnected Zones through Different Clustering Techniques,Suiza,ENERGIES,2022,1 - 16,Multidisciplinary Digital Publishing Institute (MDPI),10.3390/en15207644,1996-1073
MAESTRE GONGORA GINA PAOLA,Information Technology Governance in Colombian Small and Medium Companies: An Exploratory Study Using Data Analysis,Colombia,AIBI REVISTA DE INVESTIGACION ADMINISTRACION E INGENIERIAS,2023,66 - 74,Universidad De Santander,10.15649/2346030X.3083,2346-030X
MAESTRE GONGORA GINA PAOLA,The value of open data government: a quality assessment approach,Colombia,"Revista De Investigación, Desarrollo E Innovación",2021,507 - 518,Universidad Pedagógica y Tecnológica de Colombia,10.19053/20278306.v11.n3.2021.13348,2027-8306
MAESTRE GONGORA GINA PAOLA,A Bibliometric Analysis and Benchmark of Machine Learning and AutoML in Crash Severity Prediction: The Case Study of Three Colombian Cities,Suiza,SENSORS,2021,1 - 22,Multidisciplinary Digital Publishing Institute (MDPI),10.3390/s21248401,1424-8220
MAESTRE GONGORA GINA PAOLA,Gestión de tecnología de información para gobiernos inteligentes: un enfoque de arquitectura empresarial,,,2017,14 - 24,Sociacion de Profesionales y Tecnicos del CONICIT,,0798-1015
MAESTRE GONGORA GINA PAOLA,"Principios, lineamientos, dimensiones y atributos para la evaluación de calidad de Datos Abiertos de Gobierno",Colombia,AIBI REVISTA DE INVESTIGACION ADMINISTRACION E INGENIERIAS,2020,54 - 65,Universidad De Santander,10.15649/2346030X.950,2346-030X
MAESTRE GONGORA GINA PAOLA,Una experiencia escolar con modelado y simulación para la comprensión de un fenómeno: el caso de la influenza A(H1N1).,Colombia,Nodos Y Nudos,2009,91 - 104,UNIVERSIDAD PEDAGÓGICA NACIONAL,,0122-4328
MAESTRE GONGORA GINA PAOLA,Smart University: A vision of technology adoption,Colombia,REVISTA COLOMBIANA DE COMPUTACION,2021,44 - 55,Universidad Autonoma De Bucaramanga,10.29375/25392115.4153,2539-2115
MAESTRE GONGORA GINA PAOLA,Universidad inteligente: Factores claves para la adopción de internet de las cosas y big data,Portugal,RISTI REVISTA IBERICA DE SISTEMAS E TECNOLOGIAS DE INFORMACAO,2021,63 - 79,Associacao Iberica de Sistemas e Tecnologias de Informacao (AISTI),10.17013/risti.41.63-79,1646-9895
MAESTRE GONGORA GINA PAOLA,Analysis of the energy service in non-interconnected zones of Colombia using business intelligence,,,2021,1 - 21,Cogent OA,10.1080/23311916.2021.1907970,2331-1916
MAESTRE GONGORA GINA PAOLA,Mapping concept and challenges for smart technologies: a systematic study approach,Portugal,RISTI REVISTA IBERICA DE SISTEMAS E TECNOLOGIAS DE INFORMACAO,2020,28 - 40,Associacao Iberica de Sistemas e Tecnologias de Informacao (AISTI),,1646-9895
MAESTRE GONGORA GINA PAOLA,Revisión de literatura sobre ciudades inteligentes: una perspectiva centrada en las TIC,Colombia,Ingeniare,2015,137 - 149,Universidad Libre,DOI: 10.18041/1909-2458/ingeniare.19.531,1909-2458
MAESTRE GONGORA GINA PAOLA,Caracterización de la situación actual de las tecnologías inteligentes para una Universidad inteligente en Colombia/Latinoamérica,Portugal,RISTI REVISTA IBERICA DE SISTEMAS E TECNOLOGIAS DE INFORMACAO,2020,484 - 501,Associacao Iberica de Sistemas e Tecnologias de Informacao (AISTI),,1646-9895
MAESTRE GONGORA GINA PAOLA,Universidad inteligente: Mapa estratégico desde la adopción de tecnología,Portugal,RISTI REVISTA IBERICA DE SISTEMAS E TECNOLOGIAS DE INFORMACAO,2020,711 - 724,Associacao Iberica de Sistemas e Tecnologias de Informacao (AISTI),,1646-9895
MAESTRE GONGORA GINA PAOLA,A systematic mapping study of micro-grid architectures,Colombia,Scientia Et Technica,2019,357 - 367,,10.22517/23447214.21421,2344-7214
MAESTRE GONGORA GINA PAOLA,Plan estratégico basado en ITIL para mipymes en el departamento de Arauca-Colombia,Colombia,REVISTA DIGITAL LAMPSAKOS,2019,68 - 84,,10.21501/21454086.3280,2145-4086
MAESTRE GONGORA GINA PAOLA,Caracterización de buenas prácticas para gestión de sistemas de información en entidades públicas colombianas,Colombia,Ingeniare,2018,77 - 92,Universidad Libre,10.18041/1909-2458/ingeniare.24.5172,1909-2458
MAESTRE GONGORA GINA PAOLA,Conceptual Model of Information Technology Management for Smart Cities: SmarTICity,,JOURNAL OF GLOBAL INFORMATION MANAGEMENT,2019,159 - 175,IGI Publishing,10.4018/JGIM.2019040109,1533-7995
ORTEGA LOBO OSCAR,Improving NURBS Surface Sharp Feature Representation,India,International Journal Of Computational Intelligenceresearch.,2007,131 - 138,,,0973-1873
ORTEGA LOBO OSCAR,Agrupamiento de resultados obtenidos de búsquedas hechas sobre la web para un catálogo de acceso público en línea,Colombia,DYNA,2004,50 - 54,Universidad Nacional de Colombia,,0012-7353
ORTEGA LOBO OSCAR,La gestión del conocimiento en las empresas de servicios Medellín,Colombia,INVESTIGACION BIBLIOTECOLOGICA,2003,63 - 90,Universidad Nacional Autonoma de México,,0187-358X
ORTEGA LOBO OSCAR,Ordered Estimation of Missing Values for Propositional Learning,Colombia,Journal Of Japanese Society For Artificial Intelligence,2000,162 - 168,,,0912-8085
ORTEGA LOBO OSCAR,Suitable Domains for Using Attribute Trees to Impute Missing Values,Colombia,IEICE TRANSACTIONS ON INFORMATION AND SYSTEMS,2001,262 - 270,"Maruzen Co., Ltd/Maruzen Kabushikikaisha",,0916-8532
ORTEGA LOBO OSCAR,Optimización de cobertura inalámbrica en interiores mediante algoritmos evolutivos multiobjetivo,Colombia,Revista En Telecomunicaciones E Informática,2011,11 - 21,Editorial Upb,,2215-8200
ORTEGA LOBO OSCAR,Sistema de búsqueda personalizada y recomendación de documentación científica,Colombia,INTELIGENCIA ARTIFICIAL IBEROAMERICAL JOURNAL OF ARTIFICIAL INTELLIGENCE,2006,25 - 41,Asociacion Espanola de Inteligencia Artificial,,1137-3601
ORTEGA LOBO OSCAR,EVOL-PLAYMAC Integración de una Técnica de Computación Evolutiva al Aprendizaje Computacional de un Juego de Tablero entre el Humano y la Máquina,Colombia,Avances En Sistemas E Informática,2006,31 - 35,Universidad Nacional De Colombia Sede Medellin,,1657-7663
SIERRA DUQUE CARLOS MARIO,Qué es la Incertidumbre?,Colombia,REVISTA FACULTAD DE INGENIERIA UNIVERSIDAD DE ANTIOQUIA,1996,12 - 18,Universidad De Antioquia,,0120-6230
SIERRA DUQUE CARLOS MARIO,Iniciacion en la Teoría de los Conjuntos Borrosos I,Colombia,REVISTA FACULTAD DE INGENIERIA UNIVERSIDAD DE ANTIOQUIA,1996,27 - 33,Universidad De Antioquia,,0120-6230
SIERRA DUQUE CARLOS MARIO,Iniciacion en la Teoría de Conjuntos Borrosos II,Colombia,REVISTA FACULTAD DE INGENIERIA UNIVERSIDAD DE ANTIOQUIA,1996,5 - 8,Universidad De Antioquia,,0120-6230
SIERRA DUQUE CARLOS MARIO,"Inclusion de un indice de estimacion de incertidumbre, distribucion y cohesion de datos en el modelamiento borroso",Colombia,Avances En Sistemas E Informática,2007,47 - 58,Universidad Nacional De Colombia Sede Medellin,,1657-7663
SIERRA DUQUE CARLOS MARIO,STUDIA: An application to support carbohydrate counting by simulating glucose dynamics,Colombia,Revista Colombiana De Endocrinologia Diabetes Metabolismo,2022,470 - 480,,10.53853/encr.9.4.770,2805-5853
SIERRA DUQUE CARLOS MARIO,Two Fuzziness Indexes Proposed by Kaufmann: observations about them,Argentina,JOURNAL OF COMPUTER SCIENCE Y TECHNOLOGY,2009,17 - 20,"Facultad de Informatica, Universidad Nacional de La Plata",,1666-6038
SIERRA DUQUE CARLOS MARIO,Fuzzy Cellular Automata and Intuitionistic Fuzzy Sets Applied to an Optical Frequency Comb Spectral Shape,,,2017,181 - 194,Pergamon-Elsevier Science Ltd,10.1016/j.engappai.2017.04.001,0952-1976
BOTIA VALDERRAMA DIEGO JOSE LUIS,Nonintrusive Method Based on Neural Networks for Video Quality of Experience Assessment,,,2016,1 - 17,Hindawi Limited,10.1155/2016/1730814,1687-5680
BOTIA VALDERRAMA DIEGO JOSE LUIS,Two cluster validity indices for the LAMDA clustering method,,APPLIED SOFT COMPUTING,2020,102 - 106,Elsevier,10.1016/j.asoc.2020.106102,1568-4946
BOTIA VALDERRAMA DIEGO JOSE LUIS,Aplicación de las herramientas de software libre Sleuthkit y Autopsy a la Informática Forense,Colombia,Intekhnia,2008,35 - 48,Ediciones Usta,,1900-7612
BOTIA VALDERRAMA DIEGO JOSE LUIS,Two cluster validity indices for the LAMDA clustering method,,APPLIED SOFT COMPUTING,2020,1 - 22,Elsevier,10.1016/j.asoc.2020.106102,1568-4946
BOTIA VALDERRAMA DIEGO JOSE LUIS,Sistema de Información y Gestión Customer Relationship Management CRM Aplicado a una Empresa de Telecomunicaciones.,Colombia,"El Aprendizaje Autónomo, Nueva Estrategia Didáctica En La Uptc",2005,31 - 40,Editorial Uptc,,1794-7774
BOTIA VALDERRAMA DIEGO JOSE LUIS,Sistema Detector de Intrusos (IDS) para redes WiFi usando JAVA,Colombia,"El Aprendizaje Autónomo, Nueva Estrategia Didáctica En La Uptc",2007,189 - 196,Editorial Uptc,,1794-7774
BOTIA VALDERRAMA DIEGO JOSE LUIS,On LAMDA clustering method based on typicality degree and intuitionistic fuzzy sets,,EXPERT SYSTEMS WITH APPLICATIONS,2018,196 - 221,Pergamon-Elsevier Science Ltd,10.1016/j.eswa.2018.04.022,0957-4174
BOTIA VALDERRAMA JAVIER FERNANDO,"ANÁLISIS DE LAS PROPIEDADES ELÉCTRICAS DEL ORO, GERMANIO Y FÓSFORO POR MEDIO DE LA ESTRUCTURA DE BANDAS Y DENSIDAD DE ESTADOS",Colombia,In Vestigium Ire,2008,39 - 43,Universidad Santo Tomas,,2011-9836
BOTIA VALDERRAMA JAVIER FERNANDO,Automaton based on fuzzy clustering methods for monitoring industrial processes,,,2013,1211 - 1220,Pergamon-Elsevier Science Ltd,,0952-1976
BOTIA VALDERRAMA JAVIER FERNANDO,On LAMDA clustering method based on typicality degree and intuitionistic fuzzy sets,,,2018,196 - 221,Pergamon-Elsevier Science Ltd,https://doi.org/10.1016/j.eswa.2018.04.022,0957-4174
BOTIA VALDERRAMA JAVIER FERNANDO,Performance of WDM-OFDM for Using Unequalized Optical Frequency Comb,Brasil,IEEE LATIN AMERICA TRANSACTIONS,2015,2551 - 2558,Ieee Computer Society,10.1109/TLA.2015.7331911,1548-0992
BOTIA VALDERRAMA JAVIER FERNANDO,Fuzzy cellular automata and intuitionistic fuzzy sets applied to an optical frequency comb spectral shape,,,2017,181 - 194,Pergamon-Elsevier Science Ltd,http://doi.org/10.1016/j.engappai.2017.04.001,0952-1976
BOTIA VALDERRAMA JAVIER FERNANDO,"PROPIEDADES ELECTRÓNICAS DEL ORO, GERMANIO Y FÓSFORO A PARTIR DE LA ESTRUCTURA DE BANDAS Y DENSIDAD DE ESTADOS",Colombia,Schriftenreihe Unfall- und Sicherheitsforschung Strassenverkehr,2008,166 - 166,Publicacion De La Sociedad Colombiana De Fisica,,0341-5732
BOTIA VALDERRAMA JAVIER FERNANDO,Two cluster validity indices for the LAMDA clustering method,,,2020,1 - 25,Elsevier,10.1016/2020.106102,1568-4946
RIVERA VELEZ FREDY ALEXANDER,Mapping and Scheduling in Heterogeneous NoC through Population-Based Incremental Learning,Austria,JOURNAL OF UNIVERSAL COMPUTER SCIENCE,2012,901 - 916,"GRAZ UNIV TECHNOLGOY, INST INFORMATION SYSTEMS COMPUTER MEDIA-IICM",http://dx.doi.org/10.3217/jucs-018-07-0901,0948-695X
RIVERA VELEZ FREDY ALEXANDER,"Mapeo estático y dinámico de tareas en sistemas multiprocesador, basados en redes en circuito integrado",Colombia,DYNA,2014,28 - 35,Universidad Nacional de Colombia,,0012-7353
RIVERA VELEZ FREDY ALEXANDER,"From UML specifications to mapping and scheduling of tasks into a NoC, with reliability considerations",,,2013,409 - 440,Elsevier,http://dx.doi.org/10.1016/j.sysarc.2013.04.009,1383-7621
RIVERA VELEZ FREDY ALEXANDER,Arquitectura de Decodificador de Video Orientada al Bajo Consumo para Acompañantes Móviles Digitales,Colombia,Scientia Et Technica,2009,369 - 374,Editorial Universidad Tecnológica de Pereira,,0122-1701
RIVERA VELEZ FREDY ALEXANDER,Scheduling Methodology for Conditional Execution of Kernels onto Multi-Context Reconfigurable Architectures,,,2008,199 - 213,"John Wiley & Sons, Inc.",http://dx.doi.org/10.1049/iet-cdt:20070085,1751-8601
MONTOYA MONTOYA RONAL DAVILMAR,Simpliﬁed path loss lognormal shadow fading model vs. a Support Vector Machine-Based regressor comparison for determining reception powers in WLAN networks,,ADVANCES IN INTELLIGENT SYSTEMS AND COMPUTING,2021,431 - 441,Springer Science and Business Media Deutschland GmbH,10.1007/978-3-030-68285-9_41,2194-5365
MONTOYA MONTOYA RONAL DAVILMAR,A simple method to estimate relative permittivity and tangent loss of printed circuit board materials,Chile,IEEE LATIN AMERICA TRANSACTIONS,2013,1 - 5,Ieee Computer Society,10.1109/LatinCom.2013.6759821,1548-0992
MONTOYA MONTOYA RONAL DAVILMAR,Estimación de la Permitividad Relativa de Láminas de Circuito Impreso con Dieléctrico de Fibra de Vidrio para Aplicaciones UHF,Colombia,TecnoLógicas,2013,555 - 562,Instituto Tecnológico Metropolitano,ISSN 0123-7799,0123-7799
MONTOYA MONTOYA RONAL DAVILMAR,Diseño optimizado de antena tipo parche para el estándar de transmisión inalámbrica WiMAX a la frecuencia de 3.5 GHz mediante algoritmos genéticos.,Ecuador,Memorias De Las Jornadas De Sistemas De Telecomunicaciones,2008,67 - 74,N/A,,1390-3608
LOZANO RODRIGUEZ JAVIER ARMANDO,Aprendizaje del Álgebra en grupos con discapacidad auditiva utilizando la Caja de Polinomios,Colombia,Revista Sigma [Electronic Only],2009,38 - 60,EDITORIAL UNIVERSITARIA,,2027-064X
LOZANO RODRIGUEZ JAVIER ARMANDO,Construcción de distribuciones multivariadas con marginales dependientes usando cópulas en R,Colombia,Ciencia En Desarrollo,2014,21 - 31,Universidad Pedagógica y Tecnológica de Colombia,,0121-7488
ALVAREZ ERASO DANNY ALEJANDRO,A proposal for the formalization of the class diagram in Maude Language,Colombia,REVISTA POLITECNICA,2016,39 - 50,Escuela Politecnica Nacional,,1390-0129
ALVAREZ ERASO DANNY ALEJANDRO,"An analysis of XSS, CSRF and SQL injection in colombian software and web site development",Colombia,TELEMATICS AND INFORMATICS,2016,1 - 5,Elsevier,10.1109/EATIS.2016.7520140,0736-5853
ALVAREZ ERASO DANNY ALEJANDRO,Hibernate and spring - An analysis of maintainability against performance,Colombia,REVISTA FACULTAD DE INGENIERIA UNIVERSIDAD DE ANTIOQUIA,2016,97 - 107,Universidad De Antioquia,10.17533/udea.redin.n80a11,0120-6230
JIMENEZ RAMOS LUISA MARIA,La gobernanza de datos en la gestión organizacional de las instituciones de educación superior: un análisis bibliométrico,Colombia,Criterio Libre,2022,1 - 9,Universidad Libre Bogota,10.18041/1900-0642/criteriolibre.2022v20n36.9081,1900-0642
MATURANA GONZALEZ GRISSA VIANNEY,SISDEON: un sistema de información sobre el desplazamiento forzado en Colombia mediante el uso de ontologías.,Colombia,Avances En Sistemas E Informática,2009,163 - 168,Universidad Nacional De Colombia Sede Medellin,,1657-7663
ORTIZ GARCIA RONALD AKERMAN,Análisis del proceso productivo en una empresa de plásticos usando simulación discreta,Colombia,Revista Avances Investigacion En Ingenieria,2019,36 - 51,Publicaciones Universidad Libre,10.18041/1794-4953,1794-4953
ORTIZ GARCIA RONALD AKERMAN,Análisis de la producción de productos alimenticios tipo snacks mediante simulación de eventos discretos en una empresa de Medellín. Analysis of the production of snack-type food products by means of simulation of discrete events in a company in Medellín,Colombia,PROSPECTIVA,2019,25 - 32,Universidad Autonoma Del Caribe,10.15665/rp.v17i1.1794,1692-8261
ORTIZ GARCIA RONALD AKERMAN,Modelación y simulación de comportamientos humanos en situaciones de emergencia en un call center: una revisión crítica de literatura,Colombia,Ingenierías USBMed,2018,97 - 111,UNIVERSIDAD DE SAN BUENAVENTURA,10.21500/20275846.3329,2027-5846
DUQUE RAMOS ASTRID,Analysis of readability and structural accuracy in SNOMED CT,,,2020,1 - 22,BioMed Central Ltd.,10.1186/s12911-020-01291-y,1472-6947
DUQUE RAMOS ASTRID,An Automated Process for the Repository-Based Analysis of Ontology Structural Metrics,,,2020,148722 - 148743,Ieee Inst Electrical Electronics Engineers Inc,10.1109/access.2020.3015789,2169-3536
DUQUE RAMOS ASTRID,Evaluation of ontology structural metrics based on public repository data,,,2020,473 - 485,Oxford University Press,10.1093/bib/bbz009,1477-4054
DUQUE RAMOS ASTRID,OQuaRE: A square-based approach for evaluating the quality of ontologies,,JOURNAL OF RESEARCH AND PRACTICE IN INFORMATION TECHNOLOGY,2011,159 - 176,Australian Computer Society,,1443-458X
DUQUE RAMOS ASTRID,Evaluating the Good Ontology Design guideline (GoodOD) with the Ontology Quality Requirements and Evaluation method and metrics (OQuaRE),,,2014,-,Public Library of Science,10.1371/journal.pone.0104463,1932-6203
DUQUE RAMOS ASTRID,Evaluation of the OQuaRE framework for ontology quality,,EXPERT SYSTEMS WITH APPLICATIONS,2013,2696 - 2703,Pergamon-Elsevier Science Ltd,10.1016/j.eswa.2012.11.004,0957-4174
DUQUE RAMOS ASTRID,Can existing biomedical ontologies be more useful for EHR and CDS?,,LECTURE NOTES IN COMPUTER SCIENCE,2017,3 - 20,springer verlag,10.1007/978-3-319-55014-5_1,1611-3349
DUQUE RAMOS ASTRID,Modelo para la estimación temprana de esfuerzo en proyectos de desarrollo de software.,Colombia,Avances En Sistemas E Informática,2006,65 - 70,Universidad Nacional De Colombia Sede Medellin,,1657-7663
DUQUE RAMOS ASTRID,Supporting the analysis of ontology evolution processes through the combination of static and dynamic scaling functions in OQuaRE,,JOURNAL OF BIOMEDICAL SEMANTICS,2016,-,BioMed Central Ltd.,10.1186/s13326-016-0091-z,2041-1480
SANTAMARIA GALVIS ANDRES DAVID,Estudio experimental del problema 2+p-COL aleatorio,Colombia,Matematicas: Enseñanza Universitaria,2007,41 - 50,Litocencoa,,0120-6788
GIL MORENO WILMER ALBERTO,EVOL-PLAYMAC Integración de una Técnica de Computación Evolutiva al Aprendizaje Computacional de un Juego de Tablero entre el Humano y la Máquina,Colombia,Avances En Sistemas E Informática,2006,31 - 35,Universidad Nacional De Colombia Sede Medellin,,1657-7663
MONTOYA GOMEZ EDISON ALEJANDRO,Loop Quantum Cosmology: Anisotropy and singularity resolution,,,2014,1 -,,,0930-8989
MONTOYA GOMEZ EDISON ALEJANDRO,ON THE SEMICLASSICAL LIMIT OF LOOP QUANTUM COSMOLOGY,,,2012,1250076-1 - 1250076-18,World Scientific Publ Co Pte Ltd,10.1142/S0218271812500769,0218-2718
MONTOYA GOMEZ EDISON ALEJANDRO,Effective dynamics in Bianchi type II loop quantum cosmology,,,2012,104052-1 - 104052-16,American Institute of Physics,http://dx.doi.org/10.1103/PhysRevD.85.104052,0556-2821
MONTOYA GOMEZ EDISON ALEJANDRO,Qualitative effective dynamics in Bianchi II loop quantum cosmology,,,2012,113 - 117,American Institute of Physics,http://dx.doi.org/10.1063/1.4748542,0094-243X
MONTOYA GOMEZ EDISON ALEJANDRO,Eﬀective Vacuum Bianchi IX in Loop Quantum Cosmology,,,2014,5 -,,,0930-8989
MONTOYA GOMEZ EDISON ALEJANDRO,A First Approach to Hydrodynamics in General Relativistic Systems Using SPH,,,2010,326 - 333,American Institute of Physics,http://dx.doi.org/10.1063/1.3473873,0094-243X
MONTOYA GOMEZ EDISON ALEJANDRO,Coherent semiclassical states for loop quantum cosmology,,,2011,044021-1 - 044021-21,American Institute of Physics,http://dx.doi.org/10.1103/PhysRevD.84.044021,0556-2821
MONTOYA GOMEZ EDISON ALEJANDRO,Loop quantum cosmology of Bianchi IX: effective dynamics,Colombia,CLASSICAL AND QUANTUM GRAVITY,2017,1 - 21,IOP Publishing Ltd,10.1088/1361-6382/aa54c5,1361-6382
MONTOYA GOMEZ EDISON ALEJANDRO,Description of the evolution of inhomogeneities on a dark matter halo with the Vlasov equation,,,2017,1 - 39,Springer New York,https://doi.org/10.1007/s10714-017-2286-8,0001-7701
BUITRAGO PANIAGUA JOHN BYRON,DISEÑO DE UN SISTEMA DE BAJO COSTO PARA LA AUTOMATIZACIÓN DE MEDIDAS EN EXPERIMENTOS DE FÍSICA. ¿LabGICM¿,Colombia,REVISTA COLOMBIANA DE FISICA,2006,850 - 853,Pontificia Universidad Javeriana,,0120-2650
BUITRAGO PANIAGUA JOHN BYRON,TARJETA DE DESARROLLO PARA EL LABORATORIO DE MICROCONTROLADORES,Colombia,REVISTA COLOMBIANA DE FISICA,2006,818 - 821,Pontificia Universidad Javeriana,,0120-2650
BUITRAGO PANIAGUA JOHN BYRON,"SISTEMA BASADO EN PLC PARA CONTROL, MONITOREO Y ALMACENAMIENTO DE DATOS DE TEMPERATURA DE UN COLECTOR SOLAR PARABOLOIDE COMPUESTO",Colombia,Energética,2005,33 - 38,Universidad Nacional de Colombia,,0120-9833
GUEVARA CALUME ROBERTO CARLOS,A PROPOSED SOLUTION TO THE PROBLEM OF INTERFERENCE BETWEEN WIRELESS NETWORKS BY OVERLAPPING CHANNELS,Colombia,Ciencia e Ingeniería Neogranadina,2014,1 - 10,Universidad Militar Nueva Granada,,0124-8170
GUEVARA CALUME ROBERTO CARLOS,Propuesta para la Clasificación de los Objetos virtuales de Aprendizaje interactivos,Colombia,REVISTA VIRTUAL UNIVERSIDAD CATOLICA DEL NORTE,2022,213 - 242,,https://doi.org/10.35575/rvucn.n66a9,0124-5821
GUEVARA CALUME ROBERTO CARLOS,Can it define what is content from the information management?,España,REVISTA GENERAL DE INFORMACION Y DOCUMENTACION,2017,201 - 218,Universidad Complutense Madrid,http://dx.doi.org/10.5209/RGID.56567,1132-1873
GUEVARA CALUME ROBERTO CARLOS,Cuantificación experimental de la interferencia entre redes WiFi causada por el solapamiento de canales,Colombia,CUADERNO ACTIVA,2013,23 - 29,,,2027-8101
GUEVARA CALUME ROBERTO CARLOS,"Pattern recognition at engineering, a growing need and an unattended academic offer in Institutions of Higher Education",Colombia,Actas De Ingeniería,2017,252 - 260,,http://fundacioniai.org/actas/current.html,2463-0128
GUEVARA CALUME ROBERTO CARLOS,"Formación profesional en el campo de la seguridad informática, a través de sus componentes básicos",Colombia,Revista Reflexiones Y Saberes,2017,40 - 54,,http://revistavirtual.ucn.edu.co/index.php/RevistaRyS/issue/view/65,2389-7511
TAMAYO HERRERA ANTONIO JESUS,Clinical Text Mining in Spanish Enhanced by NegationDetection and Named Entity Recognition,México,COMPUTACION Y SISTEMAS,2023,1169 - 1181,Centro de Investigacion en Computacion (CIC) del Instituto Politecnico Nacional (IPN),,1405-5546
TAMAYO HERRERA ANTONIO JESUS,Augmenting a Spanish clinical dataset for transformer-based linking of negations and their out-of-scope references,Inglaterra,NATURAL LANGUAGE PROCESSING,2024,1 - 34,Cambridge Univ Press,10.1017/nlp.2024.10,2977-0424
TAMAYO HERRERA ANTONIO JESUS,Detección del alcance de las negaciones en español usando Conditional Random Fields,México,Research In Computing Science,2022,199 - 212,,,1665-9899
TAMAYO HERRERA ANTONIO JESUS,Using Transformers on Noisy vs. Clean Data for Paraphrase Identification in Mexican Spanish,,CEUR WORKSHOP PROCEEDINGS,2022,NA - NA,,,1613-0073
TAMAYO HERRERA ANTONIO JESUS,mBERT and Simple Post-Processing: A Baseline for Disease Mention Detection in Spanish,,CEUR WORKSHOP PROCEEDINGS,2022,350 - 356,,,1613-0073
TAMAYO HERRERA ANTONIO JESUS,ParTNER: Paragraph Tuning for Named Entity Recognition on Clinical Cases in Spanish using mBERT + Rules,,CEUR WORKSHOP PROCEEDINGS,2022,NA - NA,,,1613-0073
TAMAYO HERRERA ANTONIO JESUS,A quantitative exploration to directionality among sworn translators and interpreters in Colombia,Colombia,MUTATIS MUTANDIS,2021,601 - 622,Universidad De Antioquia,10.17533/udea.mut.v14n2a15,2011-799X
TAMAYO HERRERA ANTONIO JESUS,¿Tiene carácter predictivo la estructura predicativa [Verbo +Objeto Directo]? Hacia una caracterización sintáctico-semántica para propósitos de análisis de sentimientos,Colombia,LINGUISTICA Y LITERATURA,2020,11 - 35,,10.17533/udea.lyl.n78a01,0120-5587
TAMAYO HERRERA ANTONIO JESUS,Sentiment Analysis of News Articles in Spanish using Predicate Features,Colombia,Lenguaje,2019,235 - 267,Universidad del Valle,10.25100/lenguaje.v47i2.7937,2539-3804
